City_ID,City,Lat,Lng,Max Temp,Humidity,Cloudiness,Wind Speed,Country,Date
0,"alakurtti,ru",66.9672,30.3491,19.24,97,99,2.53,RU,1611619074
1,"chuy,uy",-33.6971,-53.4616,74.01,85,3,10.38,UY,1611619075
2,"naze,jp",28.3667,129.4833,66.2,82,75,9.22,JP,1611619075
3,"hithadhoo,mv",-0.6,73.0833,81.23,73,91,2.93,MV,1611618893
4,"san patricio,mx",19.2167,-104.7,78.8,78,40,17.27,MX,1611619075
5,"cidreira,br",-30.1811,-50.2056,76.41,84,47,9.93,BR,1611619075
6,"hasaki,jp",35.7333,140.8333,41.0,93,20,8.05,JP,1611618911
7,"aasiaat,gl",68.7098,-52.8699,0.43,82,1,5.44,GL,1611619075
8,"bluff,nz",-46.6,168.3333,80.01,46,100,21.99,NZ,1611619075
9,"hobart,au",-42.8794,147.3294,70.0,45,75,16.11,AU,1611619037
10,"evensk,ru",61.95,159.2333,-1.34,82,100,14.76,RU,1611619075
11,"vanimo,pg",-2.6741,141.3028,83.75,72,85,0.92,PG,1611619075
12,"bengkulu,id",-3.8004,102.2655,73.11,93,100,7.02,ID,1611619075
13,"cherskiy,ru",68.75,161.3,-36.65,82,61,2.21,RU,1611619076
14,"butaritari,ki",3.0707,172.7902,79.57,77,95,6.51,KI,1611619076
15,"georgetown,sh",-7.9333,-14.4167,75.58,76,43,11.83,SH,1611619076
16,"salalah,om",17.0151,54.0924,69.8,46,0,5.75,OM,1611619076
17,"esperance,au",-33.8667,121.9,62.6,77,75,5.75,AU,1611619076
18,"nikolskoye,ru",59.7035,30.7861,37.0,93,90,6.71,RU,1611619076
19,"tiksi,ru",71.6872,128.8694,-40.38,80,96,6.73,RU,1611619076
20,"komsomolskiy,ru",43.9783,46.6985,39.69,92,5,11.36,RU,1611619076
21,"ushuaia,ar",-54.8,-68.3,50.0,46,40,17.27,AR,1611619076
22,"rikitea,pf",-23.1203,-134.9692,79.83,71,1,14.05,PF,1611619076
23,"cherskiy,ru",68.75,161.3,-36.65,82,61,2.21,RU,1611619076
24,"hobart,au",-42.8794,147.3294,70.0,45,75,16.11,AU,1611619037
25,"clyde river,ca",70.4692,-68.5914,8.6,92,1,33.38,CA,1611619077
26,"west bay,ky",19.3667,-81.4167,80.6,78,20,10.36,KY,1611619077
27,"port hardy,ca",50.6996,-127.4199,39.2,75,75,6.91,CA,1611619077
28,"castro,cl",-42.4721,-73.7732,60.8,44,0,9.22,CL,1611619077
29,"hamilton,bm",32.2915,-64.778,63.0,72,75,19.57,BM,1611619077
30,"nanortalik,gl",60.1432,-45.2371,21.81,89,6,10.89,GL,1611619077
31,"victoria,sc",-4.6167,55.45,77.0,88,20,3.44,SC,1611619077
32,"faanui,pf",-16.4833,-151.75,81.14,76,46,17.9,PF,1611619077
33,"touros,br",-5.1989,-35.4608,78.8,83,40,6.91,BR,1611618901
34,"cape town,za",-33.9258,18.4232,68.0,82,0,18.41,ZA,1611619021
35,"rikitea,pf",-23.1203,-134.9692,79.83,71,1,14.05,PF,1611619076
36,"caravelas,br",-17.7125,-39.2481,75.54,84,88,3.15,BR,1611619078
37,"alofi,nu",-19.0595,-169.9187,82.4,73,90,10.36,NU,1611619078
38,"jamestown,sh",-15.9387,-5.7168,68.86,92,53,15.01,SH,1611619078
39,"rikitea,pf",-23.1203,-134.9692,79.83,71,1,14.05,PF,1611619076
40,"quatre cocos,mu",-20.2078,57.7625,75.0,94,20,6.91,MU,1611619078
41,"kattivakkam,in",13.2167,80.3167,71.6,88,20,3.47,IN,1611618870
42,"syasstroy,ru",60.1367,32.5691,34.52,97,100,6.64,RU,1611619078
43,"kapaa,us",22.0752,-159.319,75.99,100,90,21.85,US,1611618898
44,"jamestown,sh",-15.9387,-5.7168,68.86,92,53,15.01,SH,1611619078
45,"rikitea,pf",-23.1203,-134.9692,79.83,71,1,14.05,PF,1611619076
46,"srednekolymsk,ru",67.45,153.6833,-40.77,80,34,0.38,RU,1611618930
47,"albany,au",-35.0169,117.8917,59.0,88,40,8.05,AU,1611619079
48,"rikitea,pf",-23.1203,-134.9692,79.83,71,1,14.05,PF,1611619076
49,"vaini,to",-21.2,-175.2,82.4,83,75,9.22,TO,1611618899
50,"am timan,td",11.0297,20.2827,72.52,22,54,5.97,TD,1611618851
51,"puerto ayora,ec",-0.7393,-90.3518,77.0,93,70,5.01,EC,1611619079
52,"port alfred,za",-33.5906,26.891,63.0,92,2,3.0,ZA,1611619079
53,"bluff,nz",-46.6,168.3333,80.01,46,100,21.99,NZ,1611619075
54,"kenai,us",60.5544,-151.2583,26.01,93,1,8.05,US,1611619079
55,"punta arenas,cl",-53.15,-70.9167,46.4,49,20,31.07,CL,1611618984
56,"new norfolk,au",-42.7826,147.0587,66.99,61,42,3.0,AU,1611618897
57,"busselton,au",-33.65,115.3333,64.99,74,32,5.99,AU,1611618894
58,"puerto ayora,ec",-0.7393,-90.3518,77.0,93,70,5.01,EC,1611619079
59,"zorgo,bf",12.2489,-0.6158,72.3,20,29,10.58,BF,1611619079
60,"faanui,pf",-16.4833,-151.75,81.14,76,46,17.9,PF,1611619077
61,"bluff,nz",-46.6,168.3333,80.01,46,100,21.99,NZ,1611619075
62,"vaini,to",-21.2,-175.2,82.4,83,75,9.22,TO,1611618899
63,"atuona,pf",-9.8,-139.0333,78.84,76,19,19.01,PF,1611619080
64,"ushuaia,ar",-54.8,-68.3,50.0,46,40,17.27,AR,1611619076
65,"quepos,cr",9.4236,-84.1652,78.8,68,20,12.66,CR,1611619080
66,"ozernovskiy,ru",51.5,156.5167,11.34,92,24,6.82,RU,1611619080
67,"qaanaaq,gl",77.484,-69.3632,6.48,63,0,7.25,GL,1611619080
68,"hilo,us",19.7297,-155.09,73.4,88,90,4.61,US,1611618939
69,"butaritari,ki",3.0707,172.7902,79.57,77,95,6.51,KI,1611619076
70,"bredasdorp,za",-34.5322,20.0403,60.8,88,2,4.61,ZA,1611619080
71,"albany,au",-35.0169,117.8917,59.0,88,40,8.05,AU,1611619079
72,"graaff-reinet,za",-32.2522,24.5308,69.01,72,0,1.66,ZA,1611619080
73,"ushuaia,ar",-54.8,-68.3,50.0,46,40,17.27,AR,1611619076
74,"mount gambier,au",-37.8333,140.7667,62.6,77,40,12.66,AU,1611619081
75,"castro,cl",-42.4721,-73.7732,60.8,44,0,9.22,CL,1611619077
76,"kjollefjord,no",70.9457,27.3465,27.97,96,100,20.49,NO,1611619081
77,"key largo,us",25.0865,-80.4473,73.99,84,50,12.35,US,1611619081
78,"qaanaaq,gl",77.484,-69.3632,6.48,63,0,7.25,GL,1611619080
79,"matagalpa,ni",12.9256,-85.9175,69.8,83,40,9.22,NI,1611619081
80,"narsaq,gl",60.9167,-46.05,26.6,26,38,28.77,GL,1611619081
81,"katsuura,jp",35.1333,140.3,50.0,70,75,10.36,JP,1611619081
82,"east london,za",-33.0153,27.9116,70.54,76,37,20.0,ZA,1611618859
83,"saint-augustin,ca",51.226,-58.6502,32.79,93,99,13.87,CA,1611619082
84,"lorengau,pg",-2.0226,147.2712,84.76,63,93,5.28,PG,1611619082
85,"jamestown,sh",-15.9387,-5.7168,68.86,92,53,15.01,SH,1611619078
86,"vaitape,pf",-16.5167,-151.75,81.18,76,21,18.1,PF,1611619082
87,"bitkine,td",11.9801,18.2138,70.99,23,90,7.87,TD,1611619082
88,"hirara,jp",24.8,125.2833,66.2,82,40,2.3,JP,1611618922
89,"ketchikan,us",55.3422,-131.6461,33.8,80,90,3.44,US,1611619082
90,"dingle,ie",52.1408,-10.2689,44.8,87,100,21.25,IE,1611619082
91,"vaini,to",-21.2,-175.2,82.4,83,75,9.22,TO,1611618899
92,"nokaneng,bw",-19.6667,22.2667,70.99,84,93,4.38,BW,1611619083
93,"abaza,ru",52.655,90.0928,-4.31,87,100,2.28,RU,1611619083
94,"alta floresta,br",-9.8756,-56.0861,74.08,85,72,0.65,BR,1611619083
95,"san quintin,mx",30.4833,-115.95,54.84,57,77,33.82,MX,1611618897
96,"cayenne,gf",4.9333,-52.3333,77.0,100,75,2.3,GF,1611619083
97,"ternate,id",0.8,127.4,80.19,79,99,7.81,ID,1611619083
98,"faanui,pf",-16.4833,-151.75,81.14,76,46,17.9,PF,1611619077
99,"altay,cn",47.8667,88.1167,-1.34,80,100,1.14,CN,1611619083
100,"mahebourg,mu",-20.4081,57.7,71.6,94,20,6.91,MU,1611619083
101,"tamasane,bw",-22.4184,27.4013,68.81,91,100,13.0,BW,1611619083
102,"nganjuk,id",-7.6051,111.9035,77.36,79,87,2.62,ID,1611619084
103,"cherskiy,ru",68.75,161.3,-36.65,82,61,2.21,RU,1611619076
104,"roma,au",-26.5833,148.7833,83.93,47,69,11.77,AU,1611619084
105,"busselton,au",-33.65,115.3333,64.99,74,32,5.99,AU,1611618894
106,"rikitea,pf",-23.1203,-134.9692,79.83,71,1,14.05,PF,1611619076
107,"katsuura,jp",35.1333,140.3,50.0,70,75,10.36,JP,1611619081
108,"lincoln,nz",-43.65,172.4833,78.01,53,21,9.22,NZ,1611619084
109,"hermanus,za",-34.4187,19.2345,62.01,87,0,7.45,ZA,1611619084
110,"vagur,fo",61.4732,-6.8119,36.52,74,30,11.9,FO,1611619084
111,"sandpoint,us",48.2766,-116.5533,32.0,69,1,4.61,US,1611619085
112,"ribeira grande,pt",38.5167,-28.7,62.06,88,100,20.98,PT,1611619085
113,"kothapet,in",19.3333,79.4833,65.32,59,16,1.28,IN,1611619085
114,"kidal,ml",18.4411,1.4078,63.91,19,5,9.71,ML,1611619085
115,"albanel,ca",48.8832,-72.4487,14.0,73,24,5.75,CA,1611619085
116,"sulangan,ph",11.1373,123.7228,78.15,75,8,10.13,PH,1611619085
117,"atuona,pf",-9.8,-139.0333,78.84,76,19,19.01,PF,1611619080
118,"punta arenas,cl",-53.15,-70.9167,46.4,49,20,31.07,CL,1611618984
119,"albany,au",-35.0169,117.8917,59.0,88,40,8.05,AU,1611619079
120,"kodiak,us",57.79,-152.4072,39.2,60,75,9.22,US,1611619085
121,"rikitea,pf",-23.1203,-134.9692,79.83,71,1,14.05,PF,1611619076
122,"avarua,ck",-21.2078,-159.775,86.0,70,40,14.97,CK,1611619085
123,"qaanaaq,gl",77.484,-69.3632,6.48,63,0,7.25,GL,1611619080
124,"bathsheba,bb",13.2167,-59.5167,77.0,73,20,16.11,BB,1611619086
125,"bilma,ne",18.6853,12.9164,58.84,27,6,5.14,NE,1611619086
126,"hasaki,jp",35.7333,140.8333,41.0,93,20,8.05,JP,1611618911
127,"hithadhoo,mv",-0.6,73.0833,81.23,73,91,2.93,MV,1611618893
128,"rudbar,af",30.15,62.6,41.58,47,0,3.87,AF,1611619086
129,"chuy,uy",-33.6971,-53.4616,74.01,85,3,10.38,UY,1611619075
130,"bouna,ci",9.2667,-3.0,74.46,20,47,2.55,CI,1611619086
131,"avarua,ck",-21.2078,-159.775,86.0,70,40,14.97,CK,1611619085
132,"kalaleh,ir",37.3807,55.4916,42.31,54,0,5.79,IR,1611619086
133,"hobart,au",-42.8794,147.3294,70.0,45,75,16.11,AU,1611619037
134,"aklavik,ca",68.2191,-135.0107,-7.6,77,83,3.44,CA,1611619086
135,"bluff,nz",-46.6,168.3333,80.01,46,100,21.99,NZ,1611619075
136,"taoudenni,ml",22.6783,-3.9836,70.23,20,80,9.6,ML,1611619087
137,"barrow,us",71.2906,-156.7887,-5.8,77,1,11.5,US,1611618903
138,"hofn,is",64.2539,-15.2082,23.76,89,67,17.54,IS,1611619087
139,"saint-augustin,ca",51.226,-58.6502,32.79,93,99,13.87,CA,1611619082
140,"tiksi,ru",71.6872,128.8694,-40.38,80,96,6.73,RU,1611619076
141,"yellowknife,ca",62.456,-114.3525,-20.0,69,75,9.22,CA,1611619087
142,"saint-philippe,re",-21.3585,55.7679,77.0,73,95,8.05,RE,1611619087
143,"yellowknife,ca",62.456,-114.3525,-20.0,69,75,9.22,CA,1611619087
144,"rikitea,pf",-23.1203,-134.9692,79.83,71,1,14.05,PF,1611619076
145,"chuy,uy",-33.6971,-53.4616,74.01,85,3,10.38,UY,1611619075
146,"hobart,au",-42.8794,147.3294,70.0,45,75,16.11,AU,1611619037
147,"hermanus,za",-34.4187,19.2345,62.01,87,0,7.45,ZA,1611619084
148,"paamiut,gl",61.994,-49.6678,22.37,83,100,9.73,GL,1611619087
149,"malindi,ke",-3.2175,40.1191,76.71,87,61,8.12,KE,1611619088
150,"iqaluit,ca",63.7506,-68.5145,-5.8,84,1,9.8,CA,1611619088
151,"araouane,ml",18.9048,-3.5265,68.34,17,81,9.28,ML,1611619088
152,"los reyes,mx",19.35,-98.9667,73.4,28,75,17.27,MX,1611619088
153,"hilo,us",19.7297,-155.09,73.4,88,90,4.61,US,1611618939
154,"tasiilaq,gl",65.6145,-37.6368,8.6,61,20,13.8,GL,1611618897
155,"georgetown,sh",-7.9333,-14.4167,75.58,76,43,11.83,SH,1611619076
156,"busselton,au",-33.65,115.3333,64.99,74,32,5.99,AU,1611618894
157,"havoysund,no",70.9963,24.6622,19.4,73,75,16.11,NO,1611619088
158,"kavieng,pg",-2.5744,150.7967,84.85,66,74,4.38,PG,1611619088
159,"fort wayne,us",41.1306,-85.1289,30.2,86,90,16.11,US,1611619034
160,"ushuaia,ar",-54.8,-68.3,50.0,46,40,17.27,AR,1611619076
161,"bethel,us",41.3712,-73.414,30.2,43,1,3.36,US,1611618908
162,"puerto ayora,ec",-0.7393,-90.3518,77.0,93,70,5.01,EC,1611619079
163,"vaini,to",-21.2,-175.2,82.4,83,75,9.22,TO,1611618899
164,"komsomolskiy,ru",43.9783,46.6985,39.69,92,5,11.36,RU,1611619076
165,"kamaishi,jp",39.2667,141.8833,24.8,93,75,5.75,JP,1611619089
166,"nome,us",64.5011,-165.4064,-0.4,78,75,2.64,US,1611619089
167,"bontang,id",0.1333,117.5,77.68,82,100,3.71,ID,1611619089
168,"bluff,nz",-46.6,168.3333,80.01,46,100,21.99,NZ,1611619075
169,"mahebourg,mu",-20.4081,57.7,71.6,94,20,6.91,MU,1611619083
170,"bengkulu,id",-3.8004,102.2655,73.11,93,100,7.02,ID,1611619075
171,"cristalina,br",-16.7686,-47.6136,63.52,91,91,2.84,BR,1611619089
172,"punta arenas,cl",-53.15,-70.9167,46.4,49,20,31.07,CL,1611618984
173,"cabo san lucas,mx",22.8909,-109.9124,68.0,55,1,18.41,MX,1611619089
174,"nikolskoye,ru",59.7035,30.7861,37.0,93,90,6.71,RU,1611619076
175,"rikitea,pf",-23.1203,-134.9692,79.83,71,1,14.05,PF,1611619076
176,"umm kaddadah,sd",13.6017,26.6876,66.92,22,85,15.79,SD,1611619090
177,"rikitea,pf",-23.1203,-134.9692,79.83,71,1,14.05,PF,1611619076
178,"albany,au",-35.0169,117.8917,59.0,88,40,8.05,AU,1611619079
179,"busselton,au",-33.65,115.3333,64.99,74,32,5.99,AU,1611618894
180,"hobart,au",-42.8794,147.3294,70.0,45,75,16.11,AU,1611619037
181,"rikitea,pf",-23.1203,-134.9692,79.83,71,1,14.05,PF,1611619076
182,"hermanus,za",-34.4187,19.2345,62.01,87,0,7.45,ZA,1611619084
183,"manyana,bw",-23.4,21.7167,72.55,63,88,1.61,BW,1611619090
184,"vaini,to",-21.2,-175.2,82.4,83,75,9.22,TO,1611618899
185,"mahebourg,mu",-20.4081,57.7,71.6,94,20,6.91,MU,1611619083
186,"rikitea,pf",-23.1203,-134.9692,79.83,71,1,14.05,PF,1611619076
187,"victoria,sc",-4.6167,55.45,77.0,88,20,3.44,SC,1611619077
188,"zhigansk,ru",66.7697,123.3711,-56.11,63,58,2.86,RU,1611619090
189,"kasongo-lunda,cd",-6.4667,16.8167,68.58,93,95,1.52,CD,1611619091
190,"wahpeton,us",46.2652,-96.6059,12.2,62,90,9.22,US,1611619091
191,"novyy urengoy,ru",66.0833,76.6333,-27.58,85,100,19.57,RU,1611619091
192,"puerto ayora,ec",-0.7393,-90.3518,77.0,93,70,5.01,EC,1611619079
193,"tuktoyaktuk,ca",69.4541,-133.0374,-4.0,84,90,9.22,CA,1611619091
194,"saint-pierre,pm",46.7654,-56.1695,35.1,87,98,6.24,PM,1611619091
195,"westport,nz",-41.7526,171.6037,69.62,61,0,7.78,NZ,1611619091
196,"port hardy,ca",50.6996,-127.4199,39.2,75,75,6.91,CA,1611619077
197,"la sarre,ca",48.8002,-79.1996,10.71,96,100,4.29,CA,1611619091
198,"porto walter,br",-8.2686,-72.7439,75.11,94,99,1.61,BR,1611619091
199,"port elizabeth,za",-33.918,25.5701,64.4,94,0,5.75,ZA,1611618910
200,"port alfred,za",-33.5906,26.891,63.0,92,2,3.0,ZA,1611619079
201,"ushuaia,ar",-54.8,-68.3,50.0,46,40,17.27,AR,1611619076
202,"sladkovo,ru",55.5284,70.3385,2.19,94,99,8.77,RU,1611619092
203,"rikitea,pf",-23.1203,-134.9692,79.83,71,1,14.05,PF,1611619076
204,"busselton,au",-33.65,115.3333,64.99,74,32,5.99,AU,1611618894
205,"yellowknife,ca",62.456,-114.3525,-20.0,69,75,9.22,CA,1611619087
206,"albany,au",-35.0169,117.8917,59.0,88,40,8.05,AU,1611619079
207,"namatanai,pg",-3.6667,152.4333,85.48,64,57,3.13,PG,1611619092
208,"ushuaia,ar",-54.8,-68.3,50.0,46,40,17.27,AR,1611619076
209,"puerto carreno,co",6.189,-67.4859,83.98,54,85,11.43,CO,1611619092
210,"torrington,us",41.8007,-73.1212,27.0,62,86,3.0,US,1611619092
211,"vao,nc",-22.6667,167.4833,76.57,76,68,20.76,NC,1611619093
212,"hasaki,jp",35.7333,140.8333,41.0,93,20,8.05,JP,1611618911
213,"shenjiamen,cn",29.9576,122.298,48.43,95,100,13.67,CN,1611619093
214,"ushuaia,ar",-54.8,-68.3,50.0,46,40,17.27,AR,1611619076
215,"clyde river,ca",70.4692,-68.5914,8.6,92,1,33.38,CA,1611619077
216,"shenjiamen,cn",29.9576,122.298,48.43,95,100,13.67,CN,1611619093
217,"souillac,mu",-20.5167,57.5167,71.6,94,20,6.91,MU,1611619093
218,"busselton,au",-33.65,115.3333,64.99,74,32,5.99,AU,1611618894
219,"hofn,is",64.2539,-15.2082,23.76,89,67,17.54,IS,1611619087
220,"carnarvon,au",-24.8667,113.6333,73.4,68,75,14.97,AU,1611619093
221,"te anau,nz",-45.4167,167.7167,68.74,62,99,10.89,NZ,1611619093
222,"thompson,ca",55.7435,-97.8558,-9.4,77,75,3.44,CA,1611618900
223,"port hedland,au",-20.3167,118.5667,80.6,65,93,8.05,AU,1611619094
224,"alofi,nu",-19.0595,-169.9187,82.4,73,90,10.36,NU,1611619078
225,"victoria,sc",-4.6167,55.45,77.0,88,20,3.44,SC,1611619077
226,"qaanaaq,gl",77.484,-69.3632,6.48,63,0,7.25,GL,1611619080
227,"salalah,om",17.0151,54.0924,69.8,46,0,5.75,OM,1611619076
228,"new norfolk,au",-42.7826,147.0587,66.99,61,42,3.0,AU,1611618897
229,"gilgit,pk",35.9221,74.3087,14.34,54,0,3.13,PK,1611619094
230,"nikolskoye,ru",59.7035,30.7861,37.0,93,90,6.71,RU,1611619076
231,"salisbury,us",35.671,-80.4742,46.99,93,90,5.44,US,1611619094
232,"rikitea,pf",-23.1203,-134.9692,79.83,71,1,14.05,PF,1611619076
233,"nikolskoye,ru",59.7035,30.7861,37.0,93,90,6.71,RU,1611619076
234,"altamira,br",-3.2033,-52.2064,73.89,95,100,2.06,BR,1611619094
235,"port lincoln,au",-34.7333,135.8667,62.29,68,99,10.89,AU,1611619095
236,"rikitea,pf",-23.1203,-134.9692,79.83,71,1,14.05,PF,1611619076
237,"severo-kurilsk,ru",50.6789,156.125,20.73,93,92,21.23,RU,1611619095
238,"hobart,au",-42.8794,147.3294,70.0,45,75,16.11,AU,1611619037
239,"pisco,pe",-13.7,-76.2167,73.4,68,40,21.85,PE,1611619095
240,"lebu,cl",-37.6167,-73.65,57.96,84,0,14.47,CL,1611619095
241,"williston,us",48.147,-103.618,3.99,78,94,10.47,US,1611619095
242,"fukue,jp",32.6881,128.8419,59.0,88,75,12.66,JP,1611619095
243,"ribeira grande,pt",38.5167,-28.7,62.06,88,100,20.98,PT,1611619085
244,"yellowknife,ca",62.456,-114.3525,-20.0,69,75,9.22,CA,1611619087
245,"damietta,eg",31.4165,31.8133,57.2,77,0,3.44,EG,1611619095
246,"shimoda,jp",34.6667,138.95,51.8,71,75,14.97,JP,1611619095
247,"mar del plata,ar",-38.0023,-57.5575,80.01,78,20,11.5,AR,1611618877
248,"alenquer,br",-1.9417,-54.7383,75.2,100,20,3.44,BR,1611619096
249,"kapit,my",2.0167,112.9333,74.95,94,100,0.87,MY,1611619096
250,"dikson,ru",73.5069,80.5464,-24.52,85,100,13.65,RU,1611619096
251,"ponta do sol,cv",17.1994,-25.0919,69.8,78,20,20.71,CV,1611619096
252,"faanui,pf",-16.4833,-151.75,81.14,76,46,17.9,PF,1611619077
253,"vaini,to",-21.2,-175.2,82.4,83,75,9.22,TO,1611618899
254,"dingle,ie",52.1408,-10.2689,44.8,87,100,21.25,IE,1611619082
255,"paamiut,gl",61.994,-49.6678,22.37,83,100,9.73,GL,1611619087
256,"qaanaaq,gl",77.484,-69.3632,6.48,63,0,7.25,GL,1611619080
257,"bull savanna,jm",17.8868,-77.5902,74.3,86,71,10.2,JM,1611619096
258,"butaritari,ki",3.0707,172.7902,79.57,77,95,6.51,KI,1611619076
259,"new norfolk,au",-42.7826,147.0587,66.99,61,42,3.0,AU,1611618897
260,"hilo,us",19.7297,-155.09,73.4,88,90,4.61,US,1611618939
261,"port elizabeth,za",-33.918,25.5701,64.4,94,0,5.75,ZA,1611618910
262,"southbridge,nz",-43.8167,172.25,93.99,54,35,14.85,NZ,1611619097
263,"te anau,nz",-45.4167,167.7167,68.74,62,99,10.89,NZ,1611619093
264,"ribeira grande,pt",38.5167,-28.7,62.06,88,100,20.98,PT,1611619085
265,"bluff,nz",-46.6,168.3333,80.01,46,100,21.99,NZ,1611619075
266,"pinega,ru",64.7001,43.3936,35.58,96,100,8.32,RU,1611619097
267,"rikitea,pf",-23.1203,-134.9692,79.83,71,1,14.05,PF,1611619076
268,"kruisfontein,za",-34.0033,24.7314,64.0,89,0,2.8,ZA,1611619097
269,"steger,us",41.47,-87.6364,32.0,80,90,12.66,US,1611619097
270,"katsuura,jp",35.1333,140.3,50.0,70,75,10.36,JP,1611619081
271,"leningradskiy,ru",69.3833,178.4167,-14.98,87,100,18.12,RU,1611619098
272,"petropavlovsk-kamchatskiy,ru",53.0452,158.6483,3.2,60,20,2.24,RU,1611619098
273,"cockburn town,bs",24.0333,-74.5167,74.44,78,100,20.24,BS,1611619098
274,"gorin,ru",51.1983,136.6669,-11.42,86,99,3.22,RU,1611619098
275,"morondava,mg",-20.2833,44.2833,81.21,83,52,4.05,MG,1611619098
276,"chokurdakh,ru",70.6333,147.9167,-40.72,78,91,4.83,RU,1611618919
277,"new norfolk,au",-42.7826,147.0587,66.99,61,42,3.0,AU,1611618897
278,"chuy,uy",-33.6971,-53.4616,74.01,85,3,10.38,UY,1611619075
279,"neryungri,ru",56.6709,124.6491,-22.09,83,100,5.39,RU,1611619022
280,"puerto ayora,ec",-0.7393,-90.3518,77.0,93,70,5.01,EC,1611619079
281,"qaanaaq,gl",77.484,-69.3632,6.48,63,0,7.25,GL,1611619080
282,"kushima,jp",31.4583,131.2333,53.6,100,75,6.91,JP,1611619098
283,"maputo,mz",-25.9653,32.5892,72.0,94,75,9.22,MZ,1611619098
284,"chara,ru",56.9064,118.2631,-18.04,84,100,2.42,RU,1611619099
285,"new norfolk,au",-42.7826,147.0587,66.99,61,42,3.0,AU,1611618897
286,"severo-kurilsk,ru",50.6789,156.125,20.73,93,92,21.23,RU,1611619095
287,"tuatapere,nz",-46.1333,167.6833,80.01,46,97,21.99,NZ,1611619099
288,"kashira,ru",54.8444,38.1669,32.0,93,90,13.42,RU,1611619099
289,"bodden town,ky",19.2833,-81.25,80.6,78,20,10.36,KY,1611618950
290,"haines junction,ca",60.7522,-137.5108,6.8,85,100,0.98,CA,1611619099
291,"hilo,us",19.7297,-155.09,73.4,88,90,4.61,US,1611618939
292,"ushuaia,ar",-54.8,-68.3,50.0,46,40,17.27,AR,1611619076
293,"arraial do cabo,br",-22.9661,-42.0278,76.57,84,49,24.7,BR,1611619099
294,"miri,my",4.4148,114.0089,75.2,100,40,2.3,MY,1611618904
295,"mar del plata,ar",-38.0023,-57.5575,80.01,78,20,11.5,AR,1611618877
296,"hithadhoo,mv",-0.6,73.0833,81.23,73,91,2.93,MV,1611618893
297,"busselton,au",-33.65,115.3333,64.99,74,32,5.99,AU,1611618894
298,"caravelas,br",-17.7125,-39.2481,75.54,84,88,3.15,BR,1611619078
299,"ribeira grande,pt",38.5167,-28.7,62.06,88,100,20.98,PT,1611619085
300,"vestmannaeyjar,is",63.4427,-20.2734,33.91,87,100,36.57,IS,1611619100
301,"esperance,au",-33.8667,121.9,62.6,77,75,5.75,AU,1611619076
302,"busselton,au",-33.65,115.3333,64.99,74,32,5.99,AU,1611618894
303,"rikitea,pf",-23.1203,-134.9692,79.83,71,1,14.05,PF,1611619076
304,"honiara,sb",-9.4333,159.95,86.67,63,90,9.71,SB,1611619100
305,"punta arenas,cl",-53.15,-70.9167,46.4,49,20,31.07,CL,1611618984
306,"port elizabeth,za",-33.918,25.5701,64.4,94,0,5.75,ZA,1611618910
307,"albany,au",-35.0169,117.8917,59.0,88,40,8.05,AU,1611619079
308,"vaini,to",-21.2,-175.2,82.4,83,75,9.22,TO,1611618899
309,"hobart,au",-42.8794,147.3294,70.0,45,75,16.11,AU,1611619037
310,"kapaa,us",22.0752,-159.319,75.99,100,90,21.85,US,1611618898
311,"pochutla,mx",15.7432,-96.4661,89.6,37,20,11.5,MX,1611619101
312,"mnogovershinnyy,ru",53.9353,139.9242,-19.35,78,42,0.25,RU,1611619101
313,"araouane,ml",18.9048,-3.5265,68.34,17,81,9.28,ML,1611619088
314,"henties bay,na",-22.116,14.2845,69.01,88,94,7.63,NA,1611619101
315,"leeds,us",33.5482,-86.5444,71.6,73,90,9.22,US,1611619101
316,"manokwari,id",-0.8667,134.0833,81.0,74,100,5.21,ID,1611619101
317,"saint-philippe,re",-21.3585,55.7679,77.0,73,95,8.05,RE,1611619087
318,"hermanus,za",-34.4187,19.2345,62.01,87,0,7.45,ZA,1611619084
319,"sao filipe,cv",14.8961,-24.4956,72.73,67,56,3.83,CV,1611619101
320,"cherskiy,ru",68.75,161.3,-36.65,82,61,2.21,RU,1611619076
321,"dabakala,ci",8.3667,-4.4333,73.69,24,8,1.01,CI,1611619101
322,"kosai,jp",34.7105,137.5316,48.99,67,29,1.99,JP,1611619101
323,"jieshi,cn",22.8134,115.8257,63.0,81,0,9.66,CN,1611619101
324,"castro,cl",-42.4721,-73.7732,60.8,44,0,9.22,CL,1611619077
325,"new norfolk,au",-42.7826,147.0587,66.99,61,42,3.0,AU,1611618897
326,"hobart,au",-42.8794,147.3294,70.0,45,75,16.11,AU,1611619037
327,"busselton,au",-33.65,115.3333,64.99,74,32,5.99,AU,1611618894
328,"krasnovishersk,ru",60.4078,57.082,35.28,96,100,7.94,RU,1611619102
329,"ribeira grande,pt",38.5167,-28.7,62.06,88,100,20.98,PT,1611619085
330,"denia,es",38.8408,0.1057,57.0,84,62,3.0,ES,1611618903
331,"krasnyy oktyabr,ru",56.1167,38.8833,31.08,98,100,8.41,RU,1611619102
332,"bethel,us",41.3712,-73.414,30.2,43,1,3.36,US,1611618908
333,"ushuaia,ar",-54.8,-68.3,50.0,46,40,17.27,AR,1611619076
334,"odweyne,so",9.4092,45.064,64.0,27,40,12.1,SO,1611619102
335,"cidreira,br",-30.1811,-50.2056,76.41,84,47,9.93,BR,1611619075
336,"rikitea,pf",-23.1203,-134.9692,79.83,71,1,14.05,PF,1611619076
337,"deniliquin,au",-35.5333,144.9667,79.0,70,80,1.99,AU,1611619103
338,"pacific grove,us",36.6177,-121.9166,51.8,58,40,23.02,US,1611618923
339,"port alfred,za",-33.5906,26.891,63.0,92,2,3.0,ZA,1611619079
340,"ushuaia,ar",-54.8,-68.3,50.0,46,40,17.27,AR,1611619076
341,"kapaa,us",22.0752,-159.319,75.99,100,90,21.85,US,1611618898
342,"taoudenni,ml",22.6783,-3.9836,70.23,20,80,9.6,ML,1611619087
343,"bathsheba,bb",13.2167,-59.5167,77.0,73,20,16.11,BB,1611619086
344,"hilo,us",19.7297,-155.09,73.4,88,90,4.61,US,1611618939
345,"channel-port aux basques,ca",47.5702,-59.1367,32.14,94,96,9.24,CA,1611619103
346,"banjar,id",-8.19,114.9675,78.8,83,20,3.44,ID,1611618929
347,"poco verde,br",-10.7083,-38.1833,72.82,84,100,8.43,BR,1611619103
348,"kaeo,nz",-35.1,173.7833,82.99,51,9,8.99,NZ,1611619103
349,"kahului,us",20.8947,-156.47,80.6,61,75,18.41,US,1611618934
350,"lebu,cl",-37.6167,-73.65,57.96,84,0,14.47,CL,1611619095
351,"torbay,ca",47.6666,-52.7314,28.0,93,90,8.05,CA,1611619104
352,"saint-joseph,re",-21.3667,55.6167,77.0,73,92,8.05,RE,1611619104
353,"xai-xai,mz",-25.0519,33.6442,75.6,92,100,6.04,MZ,1611619104
354,"atuona,pf",-9.8,-139.0333,78.84,76,19,19.01,PF,1611619080
355,"morshansk,ru",53.4435,41.8107,33.08,94,100,11.41,RU,1611619104
356,"keetmanshoop,na",-26.5833,18.1333,81.12,28,100,13.69,NA,1611619104
357,"hilo,us",19.7297,-155.09,73.4,88,90,4.61,US,1611618939
358,"egvekinot,ru",66.3167,-179.1667,-10.16,89,76,7.9,RU,1611619104
359,"bethel,us",41.3712,-73.414,30.2,43,1,3.36,US,1611618908
360,"camacha,pt",33.0833,-16.3333,59.0,94,20,3.44,PT,1611618938
361,"kaitangata,nz",-46.2817,169.8464,77.07,43,100,15.61,NZ,1611619105
362,"arraial do cabo,br",-22.9661,-42.0278,76.57,84,49,24.7,BR,1611619099
363,"nanortalik,gl",60.1432,-45.2371,21.81,89,6,10.89,GL,1611619077
364,"nikolskoye,ru",59.7035,30.7861,37.0,93,90,6.71,RU,1611619076
365,"ushuaia,ar",-54.8,-68.3,50.0,46,40,17.27,AR,1611619076
366,"tura,ru",64.2833,100.25,-47.81,76,81,0.56,RU,1611619105
367,"leningradskiy,ru",69.3833,178.4167,-14.98,87,100,18.12,RU,1611619098
368,"plettenberg bay,za",-34.0527,23.3716,67.84,75,0,2.57,ZA,1611619105
369,"butaritari,ki",3.0707,172.7902,79.57,77,95,6.51,KI,1611619076
370,"sinnamary,gf",5.3833,-52.95,77.14,87,50,12.19,GF,1611619105
371,"jamestown,sh",-15.9387,-5.7168,68.86,92,53,15.01,SH,1611619078
372,"nelson,gb",53.8333,-2.2,33.01,92,66,1.01,GB,1611618827
373,"rikitea,pf",-23.1203,-134.9692,79.83,71,1,14.05,PF,1611619076
374,"atuona,pf",-9.8,-139.0333,78.84,76,19,19.01,PF,1611619080
375,"bredasdorp,za",-34.5322,20.0403,60.8,88,2,4.61,ZA,1611619080
376,"bethel,us",41.3712,-73.414,30.2,43,1,3.36,US,1611618908
377,"ushuaia,ar",-54.8,-68.3,50.0,46,40,17.27,AR,1611619076
378,"busselton,au",-33.65,115.3333,64.99,74,32,5.99,AU,1611618894
379,"castro,cl",-42.4721,-73.7732,60.8,44,0,9.22,CL,1611619077
380,"busselton,au",-33.65,115.3333,64.99,74,32,5.99,AU,1611618894
381,"punta arenas,cl",-53.15,-70.9167,46.4,49,20,31.07,CL,1611618984
382,"thompson,ca",55.7435,-97.8558,-9.4,77,75,3.44,CA,1611618900
383,"port hedland,au",-20.3167,118.5667,80.6,65,93,8.05,AU,1611619094
384,"tautira,pf",-17.7333,-149.15,87.8,58,40,6.91,PF,1611618924
385,"mumford,gh",5.2618,-0.759,78.37,85,1,6.91,GH,1611619106
386,"rikitea,pf",-23.1203,-134.9692,79.83,71,1,14.05,PF,1611619076
387,"tasiilaq,gl",65.6145,-37.6368,8.6,61,20,13.8,GL,1611618897
388,"cidreira,br",-30.1811,-50.2056,76.41,84,47,9.93,BR,1611619075
389,"victoria,sc",-4.6167,55.45,77.0,88,20,3.44,SC,1611619077
390,"jieshi,cn",22.8134,115.8257,63.0,81,0,9.66,CN,1611619101
391,"ribeira grande,pt",38.5167,-28.7,62.06,88,100,20.98,PT,1611619085
392,"masingbi,sl",8.7833,-11.95,70.79,81,0,0.74,SL,1611619107
393,"muros,es",42.7762,-9.0603,57.0,94,100,1.99,ES,1611619107
394,"rikitea,pf",-23.1203,-134.9692,79.83,71,1,14.05,PF,1611619076
395,"carnarvon,au",-24.8667,113.6333,73.4,68,75,14.97,AU,1611619093
396,"bud,no",62.9088,6.9145,30.2,93,75,5.75,NO,1611619107
397,"barrow,us",71.2906,-156.7887,-5.8,77,1,11.5,US,1611618903
398,"rikitea,pf",-23.1203,-134.9692,79.83,71,1,14.05,PF,1611619076
399,"east london,za",-33.0153,27.9116,70.54,76,37,20.0,ZA,1611618859
400,"kaitangata,nz",-46.2817,169.8464,77.07,43,100,15.61,NZ,1611619105
401,"maningrida,au",-12.0667,134.2667,82.36,78,100,9.37,AU,1611619107
402,"antofagasta,cl",-23.65,-70.4,68.0,73,40,12.66,CL,1611619107
403,"anloga,gh",5.7947,0.8973,79.86,80,20,10.47,GH,1611619108
404,"leningradskiy,ru",69.3833,178.4167,-14.98,87,100,18.12,RU,1611619098
405,"ushuaia,ar",-54.8,-68.3,50.0,46,40,17.27,AR,1611619076
406,"severo-kurilsk,ru",50.6789,156.125,20.73,93,92,21.23,RU,1611619095
407,"qaanaaq,gl",77.484,-69.3632,6.48,63,0,7.25,GL,1611619080
408,"hilo,us",19.7297,-155.09,73.4,88,90,4.61,US,1611618939
409,"manta,ec",-0.95,-80.7333,78.8,83,75,5.75,EC,1611619108
410,"jamestown,sh",-15.9387,-5.7168,68.86,92,53,15.01,SH,1611619078
411,"makakilo city,us",21.3469,-158.0858,73.4,88,90,9.22,US,1611619108
412,"carnarvon,au",-24.8667,113.6333,73.4,68,75,14.97,AU,1611619093
413,"ixtapa,mx",20.7,-105.2,75.2,69,90,9.22,MX,1611619108
414,"bongandanga,cd",1.5,21.05,72.5,93,99,2.77,CD,1611619108
415,"rikitea,pf",-23.1203,-134.9692,79.83,71,1,14.05,PF,1611619076
416,"richards bay,za",-28.783,32.0377,69.46,89,100,6.35,ZA,1611619087
417,"barrow,us",71.2906,-156.7887,-5.8,77,1,11.5,US,1611618903
418,"punta arenas,cl",-53.15,-70.9167,46.4,49,20,31.07,CL,1611618984
419,"axim,gh",4.8699,-2.2405,78.15,83,2,5.91,GH,1611619109
420,"roma,au",-26.5833,148.7833,83.93,47,69,11.77,AU,1611619084
421,"chapais,ca",49.7834,-74.8492,-2.2,92,1,3.22,CA,1611619109
422,"bluff,nz",-46.6,168.3333,80.01,46,100,21.99,NZ,1611619075
423,"derzhavinsk,kz",51.1,66.3167,25.07,98,99,10.71,KZ,1611619109
424,"tiksi,ru",71.6872,128.8694,-40.38,80,96,6.73,RU,1611619076
425,"sayyan,ye",15.1718,44.3244,42.57,53,27,2.62,YE,1611619109
426,"yellowknife,ca",62.456,-114.3525,-20.0,69,75,9.22,CA,1611619087
427,"belmonte,br",-15.8631,-38.8828,78.8,73,40,9.22,BR,1611619109
428,"hobart,au",-42.8794,147.3294,70.0,45,75,16.11,AU,1611619037
429,"bengkulu,id",-3.8004,102.2655,73.11,93,100,7.02,ID,1611619075
430,"mar del plata,ar",-38.0023,-57.5575,80.01,78,20,11.5,AR,1611618877
431,"saint-philippe,re",-21.3585,55.7679,77.0,73,95,8.05,RE,1611619087
432,"longyearbyen,sj",78.2186,15.6401,12.2,67,0,20.71,SJ,1611618897
433,"luderitz,na",-26.6481,15.1594,66.72,72,77,20.45,NA,1611619110
434,"constitucion,mx",23.9912,-104.6749,68.0,14,1,17.27,MX,1611619110
435,"kruisfontein,za",-34.0033,24.7314,64.0,89,0,2.8,ZA,1611619097
436,"busselton,au",-33.65,115.3333,64.99,74,32,5.99,AU,1611618894
437,"hobart,au",-42.8794,147.3294,70.0,45,75,16.11,AU,1611619037
438,"pevek,ru",69.7008,170.3133,-27.63,86,98,5.57,RU,1611619110
439,"cape town,za",-33.9258,18.4232,68.0,82,0,18.41,ZA,1611619021
440,"rikitea,pf",-23.1203,-134.9692,79.83,71,1,14.05,PF,1611619076
441,"iqaluit,ca",63.7506,-68.5145,-5.8,84,1,9.8,CA,1611619088
442,"tuatapere,nz",-46.1333,167.6833,80.01,46,97,21.99,NZ,1611619099
443,"vila franca do campo,pt",37.7167,-25.4333,63.0,94,75,13.8,PT,1611619111
444,"tacuarembo,uy",-31.7333,-55.9833,79.97,41,9,3.65,UY,1611619111
445,"cape town,za",-33.9258,18.4232,68.0,82,0,18.41,ZA,1611619021
446,"sonoita,mx",31.85,-112.8333,51.01,46,93,11.01,MX,1611619111
447,"nikolskoye,ru",59.7035,30.7861,37.0,93,90,6.71,RU,1611619076
448,"axim,gh",4.8699,-2.2405,78.15,83,2,5.91,GH,1611619109
449,"saint-philippe,re",-21.3585,55.7679,77.0,73,95,8.05,RE,1611619087
450,"albany,au",-35.0169,117.8917,59.0,88,40,8.05,AU,1611619079
451,"naryan-mar,ru",67.6713,53.087,-4.86,91,100,16.73,RU,1611619111
452,"lebu,cl",-37.6167,-73.65,57.96,84,0,14.47,CL,1611619095
453,"provideniya,ru",64.3833,-173.3,3.2,72,90,20.13,RU,1611618895
454,"rikitea,pf",-23.1203,-134.9692,79.83,71,1,14.05,PF,1611619076
455,"khatanga,ru",71.9667,102.5,-19.19,87,100,8.7,RU,1611619112
456,"busselton,au",-33.65,115.3333,64.99,74,32,5.99,AU,1611618894
457,"vaini,to",-21.2,-175.2,82.4,83,75,9.22,TO,1611618899
458,"faanui,pf",-16.4833,-151.75,81.14,76,46,17.9,PF,1611619077
459,"pringsewu,id",-5.3582,104.9744,73.98,94,100,0.43,ID,1611619112
460,"jamestown,sh",-15.9387,-5.7168,68.86,92,53,15.01,SH,1611619078
461,"hobart,au",-42.8794,147.3294,70.0,45,75,16.11,AU,1611619037
462,"punta arenas,cl",-53.15,-70.9167,46.4,49,20,31.07,CL,1611618984
463,"mwaro,bi",-3.5,29.6667,55.24,91,97,3.22,BI,1611619112
464,"itarema,br",-2.9248,-39.9167,79.84,81,82,11.48,BR,1611619112
465,"praia,cv",14.9215,-23.5087,69.8,78,0,9.22,CV,1611619113
466,"hobart,au",-42.8794,147.3294,70.0,45,75,16.11,AU,1611619037
467,"lloydminster,ca",53.2835,-110.0016,-11.2,77,75,13.8,CA,1611619113
468,"havre-saint-pierre,ca",50.2334,-63.5986,35.6,64,90,19.57,CA,1611619113
469,"marrakesh,ma",31.6315,-8.0083,57.2,82,0,6.91,MA,1611619085
470,"kachug,ru",53.9606,105.8817,-14.66,85,96,4.23,RU,1611619113
471,"pinugay,ph",14.5967,121.2623,81.0,94,75,2.3,PH,1611619113
472,"tiksi,ru",71.6872,128.8694,-40.38,80,96,6.73,RU,1611619076
473,"safford,us",32.834,-109.7076,46.99,10,77,11.01,US,1611619113
474,"barrow,us",71.2906,-156.7887,-5.8,77,1,11.5,US,1611618903
475,"rikitea,pf",-23.1203,-134.9692,79.83,71,1,14.05,PF,1611619076
476,"dikson,ru",73.5069,80.5464,-24.52,85,100,13.65,RU,1611619096
477,"west wendover,us",40.7391,-114.0733,32.0,80,90,6.91,US,1611619114
478,"ushuaia,ar",-54.8,-68.3,50.0,46,40,17.27,AR,1611619076
479,"casian,ph",11.035,119.7136,81.61,71,91,17.27,PH,1611619114
480,"rikitea,pf",-23.1203,-134.9692,79.83,71,1,14.05,PF,1611619076
481,"isangel,vu",-19.55,169.2667,82.4,83,90,9.22,VU,1611619114
482,"waipawa,nz",-41.4122,175.5153,73.4,64,1,23.02,NZ,1611619114
483,"rikitea,pf",-23.1203,-134.9692,79.83,71,1,14.05,PF,1611619076
484,"awbari,ly",26.5921,12.7805,56.32,35,58,6.02,LY,1611619114
485,"sambava,mg",-14.2667,50.1667,77.05,87,87,2.51,MG,1611619114
486,"kahului,us",20.8947,-156.47,80.6,61,75,18.41,US,1611618934
487,"yellowknife,ca",62.456,-114.3525,-20.0,69,75,9.22,CA,1611619087
488,"nanortalik,gl",60.1432,-45.2371,21.81,89,6,10.89,GL,1611619077
489,"hithadhoo,mv",-0.6,73.0833,81.23,73,91,2.93,MV,1611618893
490,"namibe,ao",-15.1961,12.1522,75.4,75,12,5.28,AO,1611619115
491,"saint george,bm",32.3817,-64.6781,63.0,72,75,19.57,BM,1611619115
492,"umm bab,qa",25.2142,50.8072,57.2,94,1,6.91,QA,1611619115
493,"busselton,au",-33.65,115.3333,64.99,74,32,5.99,AU,1611618894
494,"esperance,au",-33.8667,121.9,62.6,77,75,5.75,AU,1611619076
495,"seymchan,ru",62.8833,152.4333,-25.91,83,100,3.06,RU,1611619115
496,"bandar-e lengeh,ir",26.5579,54.8807,60.57,75,0,3.83,IR,1611619115
497,"ponta do sol,cv",17.1994,-25.0919,69.8,78,20,20.71,CV,1611619096
498,"san cristobal,ec",-0.9045,-89.6174,77.34,85,30,10.09,EC,1611619115
499,"hithadhoo,mv",-0.6,73.0833,81.23,73,91,2.93,MV,1611618893
500,"puerto ayora,ec",-0.7393,-90.3518,77.0,93,70,5.01,EC,1611619079
501,"new norfolk,au",-42.7826,147.0587,66.99,61,42,3.0,AU,1611618897
502,"hilo,us",19.7297,-155.09,73.4,88,90,4.61,US,1611618939
503,"nortelandia,br",-14.4547,-56.8028,72.86,83,98,1.97,BR,1611619116
504,"honiara,sb",-9.4333,159.95,86.67,63,90,9.71,SB,1611619100
505,"jamestown,sh",-15.9387,-5.7168,68.86,92,53,15.01,SH,1611619078
506,"avarua,ck",-21.2078,-159.775,86.0,70,40,14.97,CK,1611619085
507,"rikitea,pf",-23.1203,-134.9692,79.83,71,1,14.05,PF,1611619076
508,"halden,no",59.1226,11.3871,21.0,92,100,3.44,NO,1611619116
509,"jamestown,sh",-15.9387,-5.7168,68.86,92,53,15.01,SH,1611619078
510,"concepcion,pe",-11.9181,-75.3117,52.52,73,100,1.3,PE,1611619116
511,"nabire,id",-3.3667,135.4833,84.83,67,73,0.78,ID,1611619070
512,"lithakia,gr",37.7167,20.8333,55.4,71,79,2.3,GR,1611618974
513,"hobart,au",-42.8794,147.3294,70.0,45,75,16.11,AU,1611619037
514,"punta arenas,cl",-53.15,-70.9167,46.4,49,20,31.07,CL,1611618984
515,"ushuaia,ar",-54.8,-68.3,50.0,46,40,17.27,AR,1611619076
516,"yellowknife,ca",62.456,-114.3525,-20.0,69,75,9.22,CA,1611619087
517,"constitucion,mx",23.9912,-104.6749,68.0,14,1,17.27,MX,1611619110
518,"hami,cn",42.8,93.45,15.44,80,60,2.28,CN,1611619117
519,"la ronge,ca",55.1001,-105.2842,-16.6,63,46,1.14,CA,1611619117
520,"rikitea,pf",-23.1203,-134.9692,79.83,71,1,14.05,PF,1611619076
521,"bathsheba,bb",13.2167,-59.5167,77.0,73,20,16.11,BB,1611619086
522,"bowen,au",-20.0167,148.2333,84.2,65,75,12.66,AU,1611619117
523,"thompson,ca",55.7435,-97.8558,-9.4,77,75,3.44,CA,1611618900
524,"tigil,ru",57.8,158.6667,-5.06,90,100,0.87,RU,1611618906
525,"tondano,id",1.3038,124.9112,77.0,94,20,2.3,ID,1611619117
526,"avarua,ck",-21.2078,-159.775,86.0,70,40,14.97,CK,1611619085
527,"hithadhoo,mv",-0.6,73.0833,81.23,73,91,2.93,MV,1611618893
528,"dikson,ru",73.5069,80.5464,-24.52,85,100,13.65,RU,1611619096
529,"okha,ru",53.5739,142.9478,-18.31,87,17,9.26,RU,1611619118
530,"mongo,td",12.1844,18.693,72.72,21,88,7.43,TD,1611619118
531,"bandarbeyla,so",9.4942,50.8122,73.11,70,77,20.11,SO,1611619118
532,"akdepe,tm",42.0551,59.3788,19.4,86,0,4.61,TM,1611619118
533,"nouakchott,mr",18.0858,-15.9785,71.6,8,0,9.22,MR,1611619118
534,"yellowknife,ca",62.456,-114.3525,-20.0,69,75,9.22,CA,1611619087
535,"ushuaia,ar",-54.8,-68.3,50.0,46,40,17.27,AR,1611619076
536,"agadez,ne",19.75,10.25,57.13,28,0,5.7,NE,1611619118
537,"torbay,ca",47.6666,-52.7314,28.0,93,90,8.05,CA,1611619104
538,"east london,za",-33.0153,27.9116,70.54,76,37,20.0,ZA,1611618859
539,"punta arenas,cl",-53.15,-70.9167,46.4,49,20,31.07,CL,1611618984
540,"rikitea,pf",-23.1203,-134.9692,79.83,71,1,14.05,PF,1611619076
541,"pevek,ru",69.7008,170.3133,-27.63,86,98,5.57,RU,1611619110
542,"punta arenas,cl",-53.15,-70.9167,46.4,49,20,31.07,CL,1611618984
543,"bredasdorp,za",-34.5322,20.0403,60.8,88,2,4.61,ZA,1611619080
544,"rikitea,pf",-23.1203,-134.9692,79.83,71,1,14.05,PF,1611619076
545,"russell,nz",-35.2613,174.1236,82.99,51,7,8.99,NZ,1611619119
546,"tura,ru",64.2833,100.25,-47.81,76,81,0.56,RU,1611619105
547,"pontianak,id",-0.0333,109.3333,75.2,94,75,3.44,ID,1611619119
548,"flinders,au",-34.5833,150.8552,91.99,51,21,4.0,AU,1611619119
549,"ambilobe,mg",-13.2,49.05,74.12,91,72,1.03,MG,1611619119
550,"dikson,ru",73.5069,80.5464,-24.52,85,100,13.65,RU,1611619096
551,"qaanaaq,gl",77.484,-69.3632,6.48,63,0,7.25,GL,1611619080
552,"tessalit,ml",20.1986,1.0114,63.18,21,45,9.64,ML,1611619119
553,"nikolskoye,ru",59.7035,30.7861,37.0,93,90,6.71,RU,1611619076
554,"vestmannaeyjar,is",63.4427,-20.2734,33.91,87,100,36.57,IS,1611619100
555,"najran,sa",17.4924,44.1277,53.6,37,15,4.61,SA,1611619120
556,"hamilton,bm",32.2915,-64.778,63.0,72,75,19.57,BM,1611619077
557,"taltal,cl",-25.4,-70.4833,66.43,71,29,5.35,CL,1611619120
558,"kodiak,us",57.79,-152.4072,39.2,60,75,9.22,US,1611619085
559,"longyearbyen,sj",78.2186,15.6401,12.2,67,0,20.71,SJ,1611618897
560,"lavrentiya,ru",65.5833,-171.0,-0.99,86,80,5.1,RU,1611619120
561,"albany,au",-35.0169,117.8917,59.0,88,40,8.05,AU,1611619079
562,"brae,gb",60.3964,-1.353,33.8,75,76,8.05,GB,1611619120
563,"atuona,pf",-9.8,-139.0333,78.84,76,19,19.01,PF,1611619080
564,"busselton,au",-33.65,115.3333,64.99,74,32,5.99,AU,1611618894
565,"atuona,pf",-9.8,-139.0333,78.84,76,19,19.01,PF,1611619080
566,"raudeberg,no",61.9875,5.1352,33.01,94,100,5.46,NO,1611619120
567,"puerto ayora,ec",-0.7393,-90.3518,77.0,93,70,5.01,EC,1611619079
568,"mehamn,no",71.0357,27.8492,28.54,97,100,27.49,NO,1611619120
569,"nikolskoye,ru",59.7035,30.7861,37.0,93,90,6.71,RU,1611619076
570,"nome,us",64.5011,-165.4064,-0.4,78,75,2.64,US,1611619089
571,"vagur,fo",61.4732,-6.8119,36.52,74,30,11.9,FO,1611619084
572,"dabat,et",12.9842,37.765,49.96,63,0,3.71,ET,1611619121
573,"new norfolk,au",-42.7826,147.0587,66.99,61,42,3.0,AU,1611618897
574,"chumikan,ru",54.7183,135.315,-15.18,83,97,3.62,RU,1611619121
575,"jamestown,sh",-15.9387,-5.7168,68.86,92,53,15.01,SH,1611619078
576,"punta arenas,cl",-53.15,-70.9167,46.4,49,20,31.07,CL,1611618984
577,"ugoofaaru,mv",5.6667,73.0,80.71,74,92,12.5,MV,1611619121
578,"jamestown,sh",-15.9387,-5.7168,68.86,92,53,15.01,SH,1611619078
579,"new norfolk,au",-42.7826,147.0587,66.99,61,42,3.0,AU,1611618897
580,"coquimbo,cl",-29.9533,-71.3436,66.2,72,20,9.22,CL,1611618828
581,"busselton,au",-33.65,115.3333,64.99,74,32,5.99,AU,1611618894
582,"avarua,ck",-21.2078,-159.775,86.0,70,40,14.97,CK,1611619085
583,"bondoukou,ci",8.0333,-2.8,75.56,23,72,2.04,CI,1611619121
584,"erzin,ru",50.261,95.1623,-9.53,81,100,3.27,RU,1611619122
585,"port alfred,za",-33.5906,26.891,63.0,92,2,3.0,ZA,1611619079
586,"cape town,za",-33.9258,18.4232,68.0,82,0,18.41,ZA,1611619021
587,"santa cruz do sul,br",-29.7175,-52.4258,75.97,72,19,2.89,BR,1611619122
588,"busselton,au",-33.65,115.3333,64.99,74,32,5.99,AU,1611618894
589,"sortland,no",68.6949,15.4162,27.0,100,1,2.71,NO,1611619122
590,"atuona,pf",-9.8,-139.0333,78.84,76,19,19.01,PF,1611619080
591,"cooma,au",-36.2333,149.1333,73.4,38,100,13.8,AU,1611619122
592,"lenggries,de",47.6833,11.5667,28.99,92,100,7.02,DE,1611619122
593,"arraial do cabo,br",-22.9661,-42.0278,76.57,84,49,24.7,BR,1611619099
594,"lavrentiya,ru",65.5833,-171.0,-0.99,86,80,5.1,RU,1611619120
595,"maragheh,ir",37.3917,46.2398,23.54,78,46,1.83,IR,1611619122
596,"bathsheba,bb",13.2167,-59.5167,77.0,73,20,16.11,BB,1611619086
597,"pulawy,pl",51.4166,21.9694,33.01,10,100,16.62,PL,1611619030
598,"faanui,pf",-16.4833,-151.75,81.14,76,46,17.9,PF,1611619077
599,"bulri,pk",24.8667,68.3333,53.58,32,0,7.38,PK,1611619123
600,"nikolskoye,ru",59.7035,30.7861,37.0,93,90,6.71,RU,1611619076
601,"hithadhoo,mv",-0.6,73.0833,81.23,73,91,2.93,MV,1611618893
602,"san jeronimo,mx",29.3707,-110.79,59.0,53,97,11.01,MX,1611619123
603,"necochea,ar",-38.5473,-58.7368,66.99,72,10,18.32,AR,1611619123
604,"saint-joseph,re",-21.3667,55.6167,77.0,73,92,8.05,RE,1611619104
605,"ostrovnoy,ru",68.0531,39.5131,16.36,96,100,13.67,RU,1611619123
606,"saint george,bm",32.3817,-64.6781,63.0,72,75,19.57,BM,1611619115
607,"punta arenas,cl",-53.15,-70.9167,46.4,49,20,31.07,CL,1611618984
608,"mahebourg,mu",-20.4081,57.7,71.6,94,20,6.91,MU,1611619083
609,"reynosa,mx",26.0833,-98.2833,84.2,54,75,8.05,MX,1611619036
610,"tasiilaq,gl",65.6145,-37.6368,8.6,61,20,13.8,GL,1611618897
611,"khatanga,ru",71.9667,102.5,-19.19,87,100,8.7,RU,1611619112
612,"butaritari,ki",3.0707,172.7902,79.57,77,95,6.51,KI,1611619076
613,"faanui,pf",-16.4833,-151.75,81.14,76,46,17.9,PF,1611619077
614,"santa cruz,cr",10.2605,-85.5851,86.0,48,0,17.27,CR,1611619124
615,"jamestown,sh",-15.9387,-5.7168,68.86,92,53,15.01,SH,1611619078
616,"mar del plata,ar",-38.0023,-57.5575,80.01,78,20,11.5,AR,1611618877
617,"nueve de julio,ar",-35.4444,-60.8831,87.01,65,60,1.01,AR,1611619124
618,"srandakan,id",-7.9386,110.2506,79.23,79,98,3.62,ID,1611619124
619,"mildura,au",-34.2,142.15,71.6,83,40,9.22,AU,1611619124
620,"orlik,ru",52.5178,99.825,-21.39,74,100,3.31,RU,1611619124
621,"aklavik,ca",68.2191,-135.0107,-7.6,77,83,3.44,CA,1611619086
622,"rikitea,pf",-23.1203,-134.9692,79.83,71,1,14.05,PF,1611619076
623,"qaqortoq,gl",60.7167,-46.0333,26.6,26,5,28.77,GL,1611619125
624,"butaritari,ki",3.0707,172.7902,79.57,77,95,6.51,KI,1611619076
625,"sinnamary,gf",5.3833,-52.95,77.14,87,50,12.19,GF,1611619105
626,"butaritari,ki",3.0707,172.7902,79.57,77,95,6.51,KI,1611619076
627,"butaritari,ki",3.0707,172.7902,79.57,77,95,6.51,KI,1611619076
628,"cape town,za",-33.9258,18.4232,68.0,82,0,18.41,ZA,1611619021
629,"port blair,in",11.6667,92.75,73.17,81,72,8.37,IN,1611618940
630,"mar del plata,ar",-38.0023,-57.5575,80.01,78,20,11.5,AR,1611618877
631,"hambantota,lk",6.1241,81.1185,72.07,76,96,16.46,LK,1611618927
632,"butaritari,ki",3.0707,172.7902,79.57,77,95,6.51,KI,1611619076
633,"tasiilaq,gl",65.6145,-37.6368,8.6,61,20,13.8,GL,1611618897
634,"kavieng,pg",-2.5744,150.7967,84.85,66,74,4.38,PG,1611619088
635,"vaini,to",-21.2,-175.2,82.4,83,75,9.22,TO,1611618899
636,"namie,jp",37.4833,141.0,44.01,80,25,1.59,JP,1611619126
637,"quthing,ls",-30.4,27.7003,66.38,73,100,1.97,LS,1611619126
638,"dikson,ru",73.5069,80.5464,-24.52,85,100,13.65,RU,1611619096
639,"cilegon,id",-6.0174,106.0538,77.0,88,40,6.91,ID,1611619126
640,"kapaa,us",22.0752,-159.319,75.99,100,90,21.85,US,1611618898
641,"aksu,cn",41.1231,80.2644,16.68,89,5,3.94,CN,1611618916
642,"nikolskoye,ru",59.7035,30.7861,37.0,93,90,6.71,RU,1611619076
643,"severo-kurilsk,ru",50.6789,156.125,20.73,93,92,21.23,RU,1611619095
644,"bluff,nz",-46.6,168.3333,80.01,46,100,21.99,NZ,1611619075
645,"lebu,cl",-37.6167,-73.65,57.96,84,0,14.47,CL,1611619095
646,"knysna,za",-34.0363,23.0471,59.0,94,0,6.91,ZA,1611619126
647,"sakakah,sa",29.9697,40.2064,42.8,39,0,7.05,SA,1611619126
648,"rikitea,pf",-23.1203,-134.9692,79.83,71,1,14.05,PF,1611619076
649,"saint-philippe,re",-21.3585,55.7679,77.0,73,95,8.05,RE,1611619087
650,"sao filipe,cv",14.8961,-24.4956,72.73,67,56,3.83,CV,1611619101
651,"atuona,pf",-9.8,-139.0333,78.84,76,19,19.01,PF,1611619080
652,"bluff,nz",-46.6,168.3333,80.01,46,100,21.99,NZ,1611619075
653,"atuona,pf",-9.8,-139.0333,78.84,76,19,19.01,PF,1611619080
654,"bundaberg,au",-24.85,152.35,86.0,57,75,8.05,AU,1611619127
655,"kodiak,us",57.79,-152.4072,39.2,60,75,9.22,US,1611619085
656,"atuona,pf",-9.8,-139.0333,78.84,76,19,19.01,PF,1611619080
657,"hailun,cn",47.45,126.9333,-3.95,92,76,5.64,CN,1611619101
658,"cayenne,gf",4.9333,-52.3333,77.0,100,75,2.3,GF,1611619083
659,"zitiste,rs",45.485,20.5497,37.99,93,75,4.61,RS,1611619127
660,"cidreira,br",-30.1811,-50.2056,76.41,84,47,9.93,BR,1611619075
661,"hermanus,za",-34.4187,19.2345,62.01,87,0,7.45,ZA,1611619084
662,"te anau,nz",-45.4167,167.7167,68.74,62,99,10.89,NZ,1611619093
663,"bengkulu,id",-3.8004,102.2655,73.11,93,100,7.02,ID,1611619075
664,"jamestown,sh",-15.9387,-5.7168,68.86,92,53,15.01,SH,1611619078
665,"hasaki,jp",35.7333,140.8333,41.0,93,20,8.05,JP,1611618911
666,"mar del plata,ar",-38.0023,-57.5575,80.01,78,20,11.5,AR,1611618877
667,"nishihara,jp",26.1842,127.7558,68.0,83,20,3.44,JP,1611619128
668,"maple creek,ca",49.9168,-109.4848,3.2,85,31,5.75,CA,1611619128
669,"cidreira,br",-30.1811,-50.2056,76.41,84,47,9.93,BR,1611619075
670,"albany,au",-35.0169,117.8917,59.0,88,40,8.05,AU,1611619079
671,"arraial do cabo,br",-22.9661,-42.0278,76.57,84,49,24.7,BR,1611619099
672,"hilo,us",19.7297,-155.09,73.4,88,90,4.61,US,1611618939
673,"santa cruz cabralia,br",-16.2781,-39.0247,78.8,73,40,9.22,BR,1611619128
674,"sao filipe,cv",14.8961,-24.4956,72.73,67,56,3.83,CV,1611619101
675,"puerto ayora,ec",-0.7393,-90.3518,77.0,93,70,5.01,EC,1611619079
676,"tutoia,br",-2.7619,-42.2744,79.88,85,100,10.58,BR,1611619128
677,"puerto ayora,ec",-0.7393,-90.3518,77.0,93,70,5.01,EC,1611619079
678,"salinopolis,br",-0.6136,-47.3561,79.11,83,96,8.23,BR,1611619129
679,"rio grande,br",-32.035,-52.0986,77.0,85,3,11.3,BR,1611618963
680,"tulun,ru",54.5611,100.5792,-19.01,87,100,3.69,RU,1611619031
681,"jamestown,sh",-15.9387,-5.7168,68.86,92,53,15.01,SH,1611619078
682,"tuatapere,nz",-46.1333,167.6833,80.01,46,97,21.99,NZ,1611619099
683,"gazanjyk,tm",39.2446,55.5154,30.58,93,2,14.34,TM,1611619129
684,"hermanus,za",-34.4187,19.2345,62.01,87,0,7.45,ZA,1611619084
685,"barrow,us",71.2906,-156.7887,-5.8,77,1,11.5,US,1611618903
686,"honningsvag,no",70.9821,25.9704,26.64,95,100,13.24,NO,1611619129
687,"mehamn,no",71.0357,27.8492,28.54,97,100,27.49,NO,1611619120
688,"ixtapa,mx",20.7,-105.2,75.2,69,90,9.22,MX,1611619108
689,"lagoa,pt",39.05,-27.9833,61.54,88,100,18.66,PT,1611619129
690,"tuktoyaktuk,ca",69.4541,-133.0374,-4.0,84,90,9.22,CA,1611619091
691,"carnarvon,au",-24.8667,113.6333,73.4,68,75,14.97,AU,1611619093
692,"hamilton,bm",32.2915,-64.778,63.0,72,75,19.57,BM,1611619077
693,"hilo,us",19.7297,-155.09,73.4,88,90,4.61,US,1611618939
694,"cabedelo,br",-6.9811,-34.8339,78.8,83,0,9.22,BR,1611618886
695,"hasaki,jp",35.7333,140.8333,41.0,93,20,8.05,JP,1611618911
696,"tucuman,ar",-26.8241,-65.2226,86.0,48,75,12.66,AR,1611618834
697,"riyadh,sa",24.6877,46.7219,53.6,20,0,8.05,SA,1611618952
698,"ushuaia,ar",-54.8,-68.3,50.0,46,40,17.27,AR,1611619076
699,"khatanga,ru",71.9667,102.5,-19.19,87,100,8.7,RU,1611619112
700,"port alfred,za",-33.5906,26.891,63.0,92,2,3.0,ZA,1611619079
701,"gaoua,bf",10.2992,-3.2508,74.16,19,28,4.23,BF,1611619130
702,"busselton,au",-33.65,115.3333,64.99,74,32,5.99,AU,1611618894
703,"sitka,us",57.0531,-135.33,35.6,80,40,2.44,US,1611619130
704,"busselton,au",-33.65,115.3333,64.99,74,32,5.99,AU,1611618894
705,"vestmanna,fo",62.1564,-7.1664,28.4,80,20,4.61,FO,1611619131
706,"rikitea,pf",-23.1203,-134.9692,79.83,71,1,14.05,PF,1611619076
707,"vaini,to",-21.2,-175.2,82.4,83,75,9.22,TO,1611618899
708,"punta arenas,cl",-53.15,-70.9167,46.4,49,20,31.07,CL,1611618984
709,"jamestown,sh",-15.9387,-5.7168,68.86,92,53,15.01,SH,1611619078
710,"vaini,to",-21.2,-175.2,82.4,83,75,9.22,TO,1611618899
711,"thompson,ca",55.7435,-97.8558,-9.4,77,75,3.44,CA,1611618900
712,"sitka,us",57.0531,-135.33,35.6,80,40,2.44,US,1611619130
713,"cape town,za",-33.9258,18.4232,68.0,82,0,18.41,ZA,1611619021
714,"jamestown,sh",-15.9387,-5.7168,68.86,92,53,15.01,SH,1611619078
715,"norman wells,ca",65.282,-126.8329,-11.2,77,75,4.61,CA,1611619131
716,"egvekinot,ru",66.3167,-179.1667,-10.16,89,76,7.9,RU,1611619104
717,"kodiak,us",57.79,-152.4072,39.2,60,75,9.22,US,1611619085
718,"flinders,au",-34.5833,150.8552,91.99,51,21,4.0,AU,1611619119
719,"port augusta,au",-32.5,137.7667,73.0,88,90,17.27,AU,1611618907
720,"nikolskoye,ru",59.7035,30.7861,37.0,93,90,6.71,RU,1611619076
721,"chuy,uy",-33.6971,-53.4616,74.01,85,3,10.38,UY,1611619075
722,"ushuaia,ar",-54.8,-68.3,50.0,46,40,17.27,AR,1611619076
723,"sabang,id",5.8933,95.3214,81.61,76,93,15.26,ID,1611619132
724,"kavaratti,in",10.5669,72.642,80.64,74,5,11.23,IN,1611619132
725,"havelock,nz",-41.2833,173.7667,84.0,50,0,1.01,NZ,1611619132
726,"ribeira grande,pt",38.5167,-28.7,62.06,88,100,20.98,PT,1611619085
727,"souillac,mu",-20.5167,57.5167,71.6,94,20,6.91,MU,1611619093
728,"hilo,us",19.7297,-155.09,73.4,88,90,4.61,US,1611618939
729,"butaritari,ki",3.0707,172.7902,79.57,77,95,6.51,KI,1611619076
730,"tuktoyaktuk,ca",69.4541,-133.0374,-4.0,84,90,9.22,CA,1611619091
731,"torbay,ca",47.6666,-52.7314,28.0,93,90,8.05,CA,1611619104
732,"baton rouge,us",30.4508,-91.1545,73.4,83,90,14.97,US,1611618926
733,"takoradi,gh",4.8845,-1.7554,78.4,81,0,5.75,GH,1611619133
734,"bluff,nz",-46.6,168.3333,80.01,46,100,21.99,NZ,1611619075
735,"collie,au",-33.3667,116.15,64.94,59,28,4.88,AU,1611619133
736,"carnarvon,au",-24.8667,113.6333,73.4,68,75,14.97,AU,1611619093
737,"alexandria,us",38.8048,-77.0469,35.01,80,90,4.61,US,1611619027
738,"leningradskiy,ru",69.3833,178.4167,-14.98,87,100,18.12,RU,1611619098
739,"manali,in",13.1667,80.2667,71.6,88,20,4.05,IN,1611619133
740,"klaksvik,fo",62.2266,-6.589,28.4,80,20,4.61,FO,1611619133
741,"barrow,us",71.2906,-156.7887,-5.8,77,1,11.5,US,1611618903
742,"raudeberg,no",61.9875,5.1352,33.01,94,100,5.46,NO,1611619120
743,"boyuibe,bo",-20.4167,-63.2833,78.8,83,75,5.46,BO,1611619134
744,"barrow,us",71.2906,-156.7887,-5.8,77,1,11.5,US,1611618903
745,"magadi,ke",-1.9012,36.287,75.63,62,95,6.44,KE,1611619134
746,"praia da vitoria,pt",38.7333,-27.0667,66.2,88,75,16.31,PT,1611619134
747,"carnarvon,au",-24.8667,113.6333,73.4,68,75,14.97,AU,1611619093
748,"albany,au",-35.0169,117.8917,59.0,88,40,8.05,AU,1611619079
749,"georgetown,sh",-7.9333,-14.4167,75.58,76,43,11.83,SH,1611619076
750,"nara,ml",15.1713,-7.2889,68.92,18,0,9.66,ML,1611619134
751,"hit,iq",33.6416,42.8251,49.26,43,83,4.88,IQ,1611619134
752,"east london,za",-33.0153,27.9116,70.54,76,37,20.0,ZA,1611618859
753,"rikitea,pf",-23.1203,-134.9692,79.83,71,1,14.05,PF,1611619076
754,"busselton,au",-33.65,115.3333,64.99,74,32,5.99,AU,1611618894
755,"vila velha,br",-20.3297,-40.2925,79.0,78,40,8.05,BR,1611619134
756,"jamestown,sh",-15.9387,-5.7168,68.86,92,53,15.01,SH,1611619078
757,"hay river,ca",60.8156,-115.7999,-18.4,76,100,4.61,CA,1611618914
758,"chokurdakh,ru",70.6333,147.9167,-40.72,78,91,4.83,RU,1611618919
759,"lebu,cl",-37.6167,-73.65,57.96,84,0,14.47,CL,1611619095
760,"charagua,bo",-19.8,-63.2167,78.8,83,75,6.96,BO,1611619135
761,"nichinan,jp",31.6,131.3667,53.6,100,75,6.91,JP,1611619135
762,"albany,au",-35.0169,117.8917,59.0,88,40,8.05,AU,1611619079
763,"albany,au",-35.0169,117.8917,59.0,88,40,8.05,AU,1611619079
764,"salinopolis,br",-0.6136,-47.3561,79.11,83,96,8.23,BR,1611619129
765,"marau,br",-28.4492,-52.2,67.48,95,48,4.0,BR,1611619135
766,"ushuaia,ar",-54.8,-68.3,50.0,46,40,17.27,AR,1611619076
767,"grindavik,is",63.8424,-22.4338,28.4,54,75,25.32,IS,1611618931
768,"obo,cf",5.3998,26.4869,74.59,42,55,2.3,CF,1611619135
769,"okhotsk,ru",59.3833,143.3,-22.41,76,0,15.23,RU,1611619135
770,"salalah,om",17.0151,54.0924,69.8,46,0,5.75,OM,1611619076
771,"acarau,br",-2.8856,-40.12,80.08,81,82,13.22,BR,1611619136
772,"hirado,jp",33.3597,129.5531,48.99,93,75,4.61,JP,1611619136
773,"port lincoln,au",-34.7333,135.8667,62.29,68,99,10.89,AU,1611619095
774,"bredasdorp,za",-34.5322,20.0403,60.8,88,2,4.61,ZA,1611619080
775,"tuy hoa,vn",13.0833,109.3,70.09,87,82,5.57,VN,1611619136
776,"kapaa,us",22.0752,-159.319,75.99,100,90,21.85,US,1611618898
777,"dikson,ru",73.5069,80.5464,-24.52,85,100,13.65,RU,1611619096
778,"kolodenka,ua",50.5856,26.316,31.24,99,100,16.98,UA,1611619136
779,"nayoro,jp",44.3506,142.4578,9.54,91,49,1.83,JP,1611619136
780,"rikitea,pf",-23.1203,-134.9692,79.83,71,1,14.05,PF,1611619076
781,"santa isabel do rio negro,br",-0.4139,-65.0192,76.42,84,85,1.12,BR,1611619137
782,"rocky mountain house,ca",52.3668,-114.9188,6.8,78,99,6.91,CA,1611619137
783,"surt,ly",31.2089,16.5887,62.8,46,92,11.1,LY,1611619137
784,"punta arenas,cl",-53.15,-70.9167,46.4,49,20,31.07,CL,1611618984
785,"rikitea,pf",-23.1203,-134.9692,79.83,71,1,14.05,PF,1611619076
786,"praya,id",-8.7054,116.2704,78.8,89,75,4.61,ID,1611619137
787,"ushuaia,ar",-54.8,-68.3,50.0,46,40,17.27,AR,1611619076
788,"chokurdakh,ru",70.6333,147.9167,-40.72,78,91,4.83,RU,1611618919
789,"carballo,es",43.213,-8.691,54.0,97,99,3.85,ES,1611619137
790,"brownsville,us",25.9018,-97.4975,82.4,65,1,16.11,US,1611619137
791,"saint-philippe,re",-21.3585,55.7679,77.0,73,95,8.05,RE,1611619087
792,"yarmouth,ca",43.8335,-66.1156,32.0,69,75,21.85,CA,1611619138
793,"leningradskiy,ru",69.3833,178.4167,-14.98,87,100,18.12,RU,1611619098
794,"bethel,us",41.3712,-73.414,30.2,43,1,3.36,US,1611618908
795,"vaini,to",-21.2,-175.2,82.4,83,75,9.22,TO,1611618899
796,"baykit,ru",61.67,96.37,-40.34,74,26,1.23,RU,1611619138
797,"ushuaia,ar",-54.8,-68.3,50.0,46,40,17.27,AR,1611619076
798,"siguiri,gn",11.6667,-9.5,69.17,21,0,2.3,GN,1611619138
799,"havelock,us",34.8791,-76.9013,48.99,100,90,5.75,US,1611618894
800,"burgeo,ca",47.6167,-57.6152,31.69,94,80,14.61,CA,1611619138
801,"pringsewu,id",-5.3582,104.9744,73.98,94,100,0.43,ID,1611619112
802,"saint-augustin,ca",51.226,-58.6502,32.79,93,99,13.87,CA,1611619082
803,"srednekolymsk,ru",67.45,153.6833,-40.77,80,34,0.38,RU,1611618930
804,"atuona,pf",-9.8,-139.0333,78.84,76,19,19.01,PF,1611619080
805,"bengkulu,id",-3.8004,102.2655,73.11,93,100,7.02,ID,1611619075
806,"norman wells,ca",65.282,-126.8329,-11.2,77,75,4.61,CA,1611619131
807,"hilo,us",19.7297,-155.09,73.4,88,90,4.61,US,1611618939
808,"aykhal,ru",66.0,111.5,-38.07,78,40,2.3,RU,1611619139
809,"barrow,us",71.2906,-156.7887,-5.8,77,1,11.5,US,1611618903
810,"arraial do cabo,br",-22.9661,-42.0278,76.57,84,49,24.7,BR,1611619099
811,"taree,au",-31.9,152.4667,86.0,58,4,4.05,AU,1611619066
812,"kapaa,us",22.0752,-159.319,75.99,100,90,21.85,US,1611618898
813,"te anau,nz",-45.4167,167.7167,68.74,62,99,10.89,NZ,1611619093
814,"rikitea,pf",-23.1203,-134.9692,79.83,71,1,14.05,PF,1611619076
815,"mount isa,au",-20.7333,139.5,89.6,43,89,2.3,AU,1611619139
816,"touros,br",-5.1989,-35.4608,78.8,83,40,6.91,BR,1611618901
817,"tahoua,ne",14.8888,5.2692,66.96,19,33,11.61,NE,1611619139
818,"pangnirtung,ca",66.1451,-65.7125,6.8,78,1,2.89,CA,1611619139
819,"amazar,ru",53.858,120.875,-9.35,88,100,4.68,RU,1611619140
820,"nova olimpia,br",-14.7972,-57.2881,76.24,83,100,0.67,BR,1611619140
821,"rikitea,pf",-23.1203,-134.9692,79.83,71,1,14.05,PF,1611619076
822,"cherskiy,ru",68.75,161.3,-36.65,82,61,2.21,RU,1611619076
823,"zvishavane,zw",-20.3267,30.0665,67.32,87,100,3.56,ZW,1611619140
824,"rikitea,pf",-23.1203,-134.9692,79.83,71,1,14.05,PF,1611619076
825,"atuona,pf",-9.8,-139.0333,78.84,76,19,19.01,PF,1611619080
826,"rikitea,pf",-23.1203,-134.9692,79.83,71,1,14.05,PF,1611619076
827,"new norfolk,au",-42.7826,147.0587,66.99,61,42,3.0,AU,1611618897
828,"chongqing,cn",29.5628,106.5528,46.4,87,90,2.24,CN,1611619140
829,"bathsheba,bb",13.2167,-59.5167,77.0,73,20,16.11,BB,1611619086
830,"hermanus,za",-34.4187,19.2345,62.01,87,0,7.45,ZA,1611619084
831,"schrobenhausen,de",48.55,11.2667,30.99,93,75,5.75,DE,1611619140
832,"energeticheskiy,kz",43.4278,77.0222,10.4,92,40,4.47,KZ,1611619141
833,"filimonovo,ru",56.2011,95.4611,-24.41,85,100,3.96,RU,1611619141
834,"punta arenas,cl",-53.15,-70.9167,46.4,49,20,31.07,CL,1611618984
835,"constitucion,mx",23.9912,-104.6749,68.0,14,1,17.27,MX,1611619110
836,"candelaria,br",-29.6692,-52.7889,76.6,74,27,4.12,BR,1611619141
837,"barrow,us",71.2906,-156.7887,-5.8,77,1,11.5,US,1611618903
838,"udachnyy,ru",66.4167,112.4,-38.67,80,73,1.5,RU,1611619141
839,"albany,au",-35.0169,117.8917,59.0,88,40,8.05,AU,1611619079
840,"albany,au",-35.0169,117.8917,59.0,88,40,8.05,AU,1611619079
841,"kysyl-syr,ru",63.8986,122.7617,-52.1,76,54,3.69,RU,1611619142
842,"te anau,nz",-45.4167,167.7167,68.74,62,99,10.89,NZ,1611619093
843,"tautira,pf",-17.7333,-149.15,87.8,58,40,6.91,PF,1611618924
844,"tuktoyaktuk,ca",69.4541,-133.0374,-4.0,84,90,9.22,CA,1611619091
845,"cape town,za",-33.9258,18.4232,68.0,82,0,18.41,ZA,1611619021
846,"esso,ru",55.9333,158.7,10.24,88,92,2.73,RU,1611619142
847,"hermanus,za",-34.4187,19.2345,62.01,87,0,7.45,ZA,1611619084
848,"gondanglegi,id",-7.7479,112.0132,78.35,75,96,2.37,ID,1611619142
849,"matay,eg",28.419,30.7792,50.52,58,0,7.81,EG,1611619142
850,"provideniya,ru",64.3833,-173.3,3.2,72,90,20.13,RU,1611618895
851,"rikitea,pf",-23.1203,-134.9692,79.83,71,1,14.05,PF,1611619076
852,"cedar city,us",37.6775,-113.0619,33.8,69,90,8.05,US,1611619143
853,"saskylakh,ru",71.9167,114.0833,-33.5,82,16,4.38,RU,1611619143
854,"chapais,ca",49.7834,-74.8492,-2.2,92,1,3.22,CA,1611619109
855,"rikitea,pf",-23.1203,-134.9692,79.83,71,1,14.05,PF,1611619076
856,"barrow,us",71.2906,-156.7887,-5.8,77,1,11.5,US,1611618903
857,"bethel,us",41.3712,-73.414,30.2,43,1,3.36,US,1611618908
858,"saint-louis,sn",16.3333,-15.0,73.4,25,0,2.3,SN,1611619143
859,"ponta do sol,cv",17.1994,-25.0919,69.8,78,20,20.71,CV,1611619096
860,"rikitea,pf",-23.1203,-134.9692,79.83,71,1,14.05,PF,1611619076
861,"tuktoyaktuk,ca",69.4541,-133.0374,-4.0,84,90,9.22,CA,1611619091
862,"axim,gh",4.8699,-2.2405,78.15,83,2,5.91,GH,1611619109
863,"punta arenas,cl",-53.15,-70.9167,46.4,49,20,31.07,CL,1611618984
864,"kapaa,us",22.0752,-159.319,75.99,100,90,21.85,US,1611618898
865,"ushuaia,ar",-54.8,-68.3,50.0,46,40,17.27,AR,1611619076
866,"innisfail,au",-17.5333,146.0333,81.27,70,29,3.42,AU,1611619144
867,"bhadra,in",29.1167,75.1667,51.04,43,0,3.42,IN,1611619144
868,"barrow,us",71.2906,-156.7887,-5.8,77,1,11.5,US,1611618903
869,"ushuaia,ar",-54.8,-68.3,50.0,46,40,17.27,AR,1611619076
870,"shirokiy,ru",49.758,129.523,3.15,94,100,18.59,RU,1611619144
871,"balkanabat,tm",39.5108,54.3671,39.49,63,0,13.18,TM,1611619144
872,"laramie,us",41.3114,-105.5911,19.99,86,20,9.22,US,1611619145
873,"okhotsk,ru",59.3833,143.3,-22.41,76,0,15.23,RU,1611619135
874,"ushuaia,ar",-54.8,-68.3,50.0,46,40,17.27,AR,1611619076
875,"kapit,my",2.0167,112.9333,74.95,94,100,0.87,MY,1611619096
876,"kimbe,pg",-5.5502,150.1429,86.16,63,100,3.51,PG,1611619145
877,"port alfred,za",-33.5906,26.891,63.0,92,2,3.0,ZA,1611619079
878,"bluff,nz",-46.6,168.3333,80.01,46,100,21.99,NZ,1611619075
879,"rikitea,pf",-23.1203,-134.9692,79.83,71,1,14.05,PF,1611619076
880,"tuatapere,nz",-46.1333,167.6833,80.01,46,97,21.99,NZ,1611619099
881,"punta arenas,cl",-53.15,-70.9167,46.4,49,20,31.07,CL,1611618984
882,"marawi,sd",18.4833,31.8167,62.76,27,25,12.88,SD,1611619145
883,"hithadhoo,mv",-0.6,73.0833,81.23,73,91,2.93,MV,1611618893
884,"cape town,za",-33.9258,18.4232,68.0,82,0,18.41,ZA,1611619021
885,"washington,us",47.5001,-120.5015,35.01,70,39,1.86,US,1611618718
886,"real,pt",41.6388,-8.181,55.99,92,100,3.74,PT,1611619146
887,"barrow,us",71.2906,-156.7887,-5.8,77,1,11.5,US,1611618903
888,"pevek,ru",69.7008,170.3133,-27.63,86,98,5.57,RU,1611619110
889,"yellowknife,ca",62.456,-114.3525,-20.0,69,75,9.22,CA,1611619087
890,"punta arenas,cl",-53.15,-70.9167,46.4,49,20,31.07,CL,1611618984
891,"bredasdorp,za",-34.5322,20.0403,60.8,88,2,4.61,ZA,1611619080
892,"hermanus,za",-34.4187,19.2345,62.01,87,0,7.45,ZA,1611619084
893,"atuona,pf",-9.8,-139.0333,78.84,76,19,19.01,PF,1611619080
894,"great falls,us",47.5002,-111.3008,18.0,67,1,6.91,US,1611619146
895,"seoul,kr",37.5683,126.9778,41.0,75,75,2.3,KR,1611618998
896,"albany,au",-35.0169,117.8917,59.0,88,40,8.05,AU,1611619079
897,"de aar,za",-30.6497,24.0123,72.14,52,77,14.79,ZA,1611619147
898,"hilo,us",19.7297,-155.09,73.4,88,90,4.61,US,1611618939
899,"mount gambier,au",-37.8333,140.7667,62.6,77,40,12.66,AU,1611619081
900,"avarua,ck",-21.2078,-159.775,86.0,70,40,14.97,CK,1611619085
901,"severo-kurilsk,ru",50.6789,156.125,20.73,93,92,21.23,RU,1611619095
902,"rawson,ar",-43.3002,-65.1023,68.36,52,0,20.29,AR,1611618872
903,"cape town,za",-33.9258,18.4232,68.0,82,0,18.41,ZA,1611619021
904,"vardo,no",70.3705,31.1107,28.4,80,75,10.36,NO,1611619147
905,"dikson,ru",73.5069,80.5464,-24.52,85,100,13.65,RU,1611619096
906,"rudbar,af",30.15,62.6,41.58,47,0,3.87,AF,1611619086
907,"iqaluit,ca",63.7506,-68.5145,-5.8,84,1,9.8,CA,1611619088
908,"bluff,nz",-46.6,168.3333,80.01,46,100,21.99,NZ,1611619075
909,"bathsheba,bb",13.2167,-59.5167,77.0,73,20,16.11,BB,1611619086
910,"albany,au",-35.0169,117.8917,59.0,88,40,8.05,AU,1611619079
911,"rikitea,pf",-23.1203,-134.9692,79.83,71,1,14.05,PF,1611619076
912,"bull savanna,jm",17.8868,-77.5902,74.3,86,71,10.2,JM,1611619096
913,"rikitea,pf",-23.1203,-134.9692,79.83,71,1,14.05,PF,1611619076
914,"rikitea,pf",-23.1203,-134.9692,79.83,71,1,14.05,PF,1611619076
915,"nikolskoye,ru",59.7035,30.7861,37.0,93,90,6.71,RU,1611619076
916,"vaini,to",-21.2,-175.2,82.4,83,75,9.22,TO,1611618899
917,"keroka,ke",-0.7758,34.9453,53.38,97,99,2.39,KE,1611619148
918,"punta arenas,cl",-53.15,-70.9167,46.4,49,20,31.07,CL,1611618984
919,"hobart,au",-42.8794,147.3294,70.0,45,75,16.11,AU,1611619037
920,"jamestown,sh",-15.9387,-5.7168,68.86,92,53,15.01,SH,1611619078
921,"rikitea,pf",-23.1203,-134.9692,79.83,71,1,14.05,PF,1611619076
922,"adrar,dz",25.75,-1.0,63.45,27,0,5.46,DZ,1611619148
923,"vardo,no",70.3705,31.1107,28.4,80,75,10.36,NO,1611619147
924,"severo-kurilsk,ru",50.6789,156.125,20.73,93,92,21.23,RU,1611619095
925,"atuona,pf",-9.8,-139.0333,78.84,76,19,19.01,PF,1611619080
926,"vaini,to",-21.2,-175.2,82.4,83,75,9.22,TO,1611618899
927,"padang,id",-0.9492,100.3543,75.2,94,40,1.14,ID,1611619149
928,"norman wells,ca",65.282,-126.8329,-11.2,77,75,4.61,CA,1611619131
929,"yellowknife,ca",62.456,-114.3525,-20.0,69,75,9.22,CA,1611619087
930,"rio grande,br",-32.035,-52.0986,77.0,85,3,11.3,BR,1611618963
931,"busselton,au",-33.65,115.3333,64.99,74,32,5.99,AU,1611618894
932,"lisakovsk,kz",52.5369,62.4936,21.0,97,23,9.64,KZ,1611619149
933,"atuona,pf",-9.8,-139.0333,78.84,76,19,19.01,PF,1611619080
934,"okhotsk,ru",59.3833,143.3,-22.41,76,0,15.23,RU,1611619135
935,"chumikan,ru",54.7183,135.315,-15.18,83,97,3.62,RU,1611619121
936,"baykit,ru",61.67,96.37,-40.34,74,26,1.23,RU,1611619138
937,"pevek,ru",69.7008,170.3133,-27.63,86,98,5.57,RU,1611619110
938,"tombouctou,ml",20.0,-3.0,67.82,18,60,9.17,ML,1611619150
939,"rawson,ar",-43.3002,-65.1023,68.36,52,0,20.29,AR,1611618872
940,"punta arenas,cl",-53.15,-70.9167,46.4,49,20,31.07,CL,1611618984
941,"arraial do cabo,br",-22.9661,-42.0278,76.57,84,49,24.7,BR,1611619099
942,"shimoda,jp",34.6667,138.95,51.8,71,75,14.97,JP,1611619095
943,"coari,br",-4.085,-63.1414,75.58,93,94,2.66,BR,1611619151
944,"hilo,us",19.7297,-155.09,73.4,88,90,4.61,US,1611618939
945,"tual,id",-5.6667,132.75,84.11,75,100,19.69,ID,1611619151
946,"polewali,id",-3.4324,119.3435,79.66,72,100,2.19,ID,1611619151
947,"hobart,au",-42.8794,147.3294,70.0,45,75,16.11,AU,1611619037
948,"port alfred,za",-33.5906,26.891,63.0,92,2,3.0,ZA,1611619079
949,"kandrian,pg",-6.2167,149.55,86.83,64,100,8.72,PG,1611619151
950,"lagoa,pt",39.05,-27.9833,61.54,88,100,18.66,PT,1611619129
951,"bluff,nz",-46.6,168.3333,80.01,46,100,21.99,NZ,1611619075
952,"vila franca do campo,pt",37.7167,-25.4333,63.0,94,75,13.8,PT,1611619111
953,"atuona,pf",-9.8,-139.0333,78.84,76,19,19.01,PF,1611619080
954,"tigzirt,dz",36.8886,4.1198,57.2,87,99,15.35,DZ,1611619152
955,"albany,au",-35.0169,117.8917,59.0,88,40,8.05,AU,1611619079
956,"albany,au",-35.0169,117.8917,59.0,88,40,8.05,AU,1611619079
957,"punta arenas,cl",-53.15,-70.9167,46.4,49,20,31.07,CL,1611618984
958,"kitimat,ca",54.0524,-128.6534,30.0,85,27,2.48,CA,1611619152
959,"port alfred,za",-33.5906,26.891,63.0,92,2,3.0,ZA,1611619079
960,"kaoma,zm",-14.7833,24.8,65.61,94,100,6.4,ZM,1611619152
961,"busselton,au",-33.65,115.3333,64.99,74,32,5.99,AU,1611618894
962,"carnarvon,au",-24.8667,113.6333,73.4,68,75,14.97,AU,1611619093
963,"sao joao da barra,br",-21.6403,-41.0511,76.95,85,1,15.12,BR,1611619153
964,"waddan,ly",29.1614,16.139,59.65,37,82,4.92,LY,1611619153
965,"pulandian,cn",39.3953,121.9669,37.0,93,75,6.71,CN,1611619153
966,"georgetown,sh",-7.9333,-14.4167,75.58,76,43,11.83,SH,1611619076
967,"bluff,nz",-46.6,168.3333,80.01,46,100,21.99,NZ,1611619075
968,"cartagena,co",10.3997,-75.5144,82.4,74,0,9.22,CO,1611618919
969,"ternate,id",0.8,127.4,80.19,79,99,7.81,ID,1611619083
970,"bela,pk",26.2271,66.3111,54.79,33,0,1.52,PK,1611619153
971,"rikitea,pf",-23.1203,-134.9692,79.83,71,1,14.05,PF,1611619076
972,"touros,br",-5.1989,-35.4608,78.8,83,40,6.91,BR,1611618901
973,"roma,au",-26.5833,148.7833,83.93,47,69,11.77,AU,1611619084
974,"yar-sale,ru",66.8333,70.8333,-18.58,87,100,11.56,RU,1611618924
975,"loa janan,id",-0.583,117.095,76.89,87,100,1.34,ID,1611619154
976,"rikitea,pf",-23.1203,-134.9692,79.83,71,1,14.05,PF,1611619076
977,"barrow,us",71.2906,-156.7887,-5.8,77,1,11.5,US,1611618903
978,"rikitea,pf",-23.1203,-134.9692,79.83,71,1,14.05,PF,1611619076
979,"vigeland,no",58.0844,7.305,30.0,78,29,1.01,NO,1611619154
980,"carroll,us",39.5501,-77.0164,34.0,62,100,4.72,US,1611619154
981,"the pas,ca",53.8251,-101.2541,-16.6,69,1,9.22,CA,1611619154
982,"bluff,nz",-46.6,168.3333,80.01,46,100,21.99,NZ,1611619075
983,"san rafael,ar",-34.6177,-68.3301,87.67,13,32,12.53,AR,1611619111
984,"atuona,pf",-9.8,-139.0333,78.84,76,19,19.01,PF,1611619080
985,"inirida,co",3.8653,-67.9239,75.72,90,92,0.85,CO,1611619155
986,"argelia,co",2.2556,-77.2488,67.08,78,100,1.36,CO,1611619155
987,"ushuaia,ar",-54.8,-68.3,50.0,46,40,17.27,AR,1611619076
988,"hilo,us",19.7297,-155.09,73.4,88,90,4.61,US,1611618939
989,"hermanus,za",-34.4187,19.2345,62.01,87,0,7.45,ZA,1611619084
990,"hasaki,jp",35.7333,140.8333,41.0,93,20,8.05,JP,1611618911
991,"nakhon phanom,th",17.3333,104.4167,68.0,83,59,4.61,TH,1611619155
992,"puerto ayora,ec",-0.7393,-90.3518,77.0,93,70,5.01,EC,1611619079
993,"coahuayana,mx",18.7333,-103.6833,78.8,65,75,5.75,MX,1611619156
994,"henties bay,na",-22.116,14.2845,69.01,88,94,7.63,NA,1611619101
995,"korla,cn",41.7597,86.1469,17.51,85,1,0.34,CN,1611619156
996,"talnakh,ru",69.4865,88.3972,-30.35,82,100,9.73,RU,1611619156
997,"ribeira grande,pt",38.5167,-28.7,62.06,88,100,20.98,PT,1611619085
998,"pierre,us",44.3683,-100.351,18.0,79,90,10.36,US,1611618892
999,"thanh hoa,vn",19.8,105.7667,67.42,85,100,2.75,VN,1611619100
1000,"kruisfontein,za",-34.0033,24.7314,64.0,89,0,2.8,ZA,1611619097
1001,"rikitea,pf",-23.1203,-134.9692,79.83,71,1,14.05,PF,1611619076
1002,"rikitea,pf",-23.1203,-134.9692,79.83,71,1,14.05,PF,1611619076
1003,"daru,pg",-9.0763,143.2092,82.76,79,78,8.25,PG,1611619157
1004,"port hardy,ca",50.6996,-127.4199,39.2,75,75,6.91,CA,1611619077
1005,"east london,za",-33.0153,27.9116,70.54,76,37,20.0,ZA,1611618859
1006,"lisala,cd",2.15,21.5167,71.33,95,98,1.14,CD,1611619157
1007,"ponta do sol,cv",17.1994,-25.0919,69.8,78,20,20.71,CV,1611619096
1008,"chokurdakh,ru",70.6333,147.9167,-40.72,78,91,4.83,RU,1611618919
1009,"ngaoundere,cm",7.3167,13.5833,64.72,27,45,3.65,CM,1611619157
1010,"hasaki,jp",35.7333,140.8333,41.0,93,20,8.05,JP,1611618911
1011,"punta arenas,cl",-53.15,-70.9167,46.4,49,20,31.07,CL,1611618984
1012,"sao filipe,cv",14.8961,-24.4956,72.73,67,56,3.83,CV,1611619101
1013,"rikitea,pf",-23.1203,-134.9692,79.83,71,1,14.05,PF,1611619076
1014,"waipawa,nz",-41.4122,175.5153,73.4,64,1,23.02,NZ,1611619114
1015,"qaanaaq,gl",77.484,-69.3632,6.48,63,0,7.25,GL,1611619080
1016,"yellowknife,ca",62.456,-114.3525,-20.0,69,75,9.22,CA,1611619087
1017,"bredasdorp,za",-34.5322,20.0403,60.8,88,2,4.61,ZA,1611619080
1018,"tiksi,ru",71.6872,128.8694,-40.38,80,96,6.73,RU,1611619076
1019,"nome,us",64.5011,-165.4064,-0.4,78,75,2.64,US,1611619089
1020,"vaini,to",-21.2,-175.2,82.4,83,75,9.22,TO,1611618899
1021,"rocha,uy",-34.4833,-54.3333,72.27,84,7,6.31,UY,1611619158
1022,"puerto ayora,ec",-0.7393,-90.3518,77.0,93,70,5.01,EC,1611619079
1023,"ushuaia,ar",-54.8,-68.3,50.0,46,40,17.27,AR,1611619076
1024,"moron,mn",47.3825,110.3165,-11.6,80,0,6.6,MN,1611619158
1025,"san cristobal,ec",-0.9045,-89.6174,77.34,85,30,10.09,EC,1611619115
1026,"rikitea,pf",-23.1203,-134.9692,79.83,71,1,14.05,PF,1611619076
1027,"lagoa,pt",39.05,-27.9833,61.54,88,100,18.66,PT,1611619129
1028,"mbandaka,cd",0.0487,18.2603,73.45,85,100,3.38,CD,1611619159
1029,"karlstad,se",59.3793,13.5036,21.2,100,100,4.61,SE,1611619159
1030,"hermanus,za",-34.4187,19.2345,62.01,87,0,7.45,ZA,1611619084
1031,"puerto ayora,ec",-0.7393,-90.3518,77.0,93,70,5.01,EC,1611619079
1032,"arraial do cabo,br",-22.9661,-42.0278,76.57,84,49,24.7,BR,1611619099
1033,"kahului,us",20.8947,-156.47,80.6,61,75,18.41,US,1611618934
1034,"tuktoyaktuk,ca",69.4541,-133.0374,-4.0,84,90,9.22,CA,1611619091
1035,"lompoc,us",34.6391,-120.4579,51.8,58,40,23.02,US,1611619159
1036,"port alfred,za",-33.5906,26.891,63.0,92,2,3.0,ZA,1611619079
1037,"yerbogachen,ru",61.2767,108.0108,-38.87,81,63,2.53,RU,1611619160
1038,"east london,za",-33.0153,27.9116,70.54,76,37,20.0,ZA,1611618859
1039,"nikolskoye,ru",59.7035,30.7861,37.0,93,90,6.71,RU,1611619076
1040,"kodiak,us",57.79,-152.4072,39.2,60,75,9.22,US,1611619085
1041,"port elizabeth,za",-33.918,25.5701,64.4,94,0,5.75,ZA,1611618910
1042,"korsakov,ru",46.6328,142.7813,-9.4,77,65,2.24,RU,1611619160
1043,"mehamn,no",71.0357,27.8492,28.54,97,100,27.49,NO,1611619120
1044,"bengkulu,id",-3.8004,102.2655,73.11,93,100,7.02,ID,1611619075
1045,"busselton,au",-33.65,115.3333,64.99,74,32,5.99,AU,1611618894
1046,"mar del plata,ar",-38.0023,-57.5575,80.01,78,20,11.5,AR,1611618877
1047,"new norfolk,au",-42.7826,147.0587,66.99,61,42,3.0,AU,1611618897
1048,"mar del plata,ar",-38.0023,-57.5575,80.01,78,20,11.5,AR,1611618877
1049,"fare,pf",-16.7,-151.0167,81.1,76,67,17.96,PF,1611619160
1050,"arraial do cabo,br",-22.9661,-42.0278,76.57,84,49,24.7,BR,1611619099
1051,"mocuba,mz",-16.8392,36.9856,73.22,97,80,1.5,MZ,1611619161
1052,"kapaa,us",22.0752,-159.319,75.99,100,90,21.85,US,1611618898
1053,"hecun,cn",36.5333,114.1111,33.53,75,14,3.91,CN,1611619161
1054,"surgut,ru",61.25,73.4167,-23.8,76,40,11.18,RU,1611619161
1055,"saskylakh,ru",71.9167,114.0833,-33.5,82,16,4.38,RU,1611619143
1056,"cape town,za",-33.9258,18.4232,68.0,82,0,18.41,ZA,1611619021
1057,"uitenhage,za",-33.7576,25.3971,64.4,94,0,5.75,ZA,1611619161
1058,"rikitea,pf",-23.1203,-134.9692,79.83,71,1,14.05,PF,1611619076
1059,"hasaki,jp",35.7333,140.8333,41.0,93,20,8.05,JP,1611618911
1060,"faanui,pf",-16.4833,-151.75,81.14,76,46,17.9,PF,1611619077
1061,"kedgwick,ca",47.6446,-67.3434,10.94,96,80,4.97,CA,1611619161
1062,"hilo,us",19.7297,-155.09,73.4,88,90,4.61,US,1611618939
1063,"esperance,au",-33.8667,121.9,62.6,77,75,5.75,AU,1611619076
1064,"rikitea,pf",-23.1203,-134.9692,79.83,71,1,14.05,PF,1611619076
1065,"hobart,au",-42.8794,147.3294,70.0,45,75,16.11,AU,1611619037
1066,"kapaa,us",22.0752,-159.319,75.99,100,90,21.85,US,1611618898
1067,"warrington,us",30.3841,-87.275,69.8,88,75,13.8,US,1611619162
1068,"kenai,us",60.5544,-151.2583,26.01,93,1,8.05,US,1611619079
1069,"ushuaia,ar",-54.8,-68.3,50.0,46,40,17.27,AR,1611619076
1070,"parkhill,ca",43.1501,-81.6831,27.0,84,96,7.96,CA,1611619162
1071,"vizinga,ru",61.0749,50.1031,34.05,92,100,10.18,RU,1611619162
1072,"mahebourg,mu",-20.4081,57.7,71.6,94,20,6.91,MU,1611619083
1073,"sur,om",22.5667,59.5289,64.96,67,0,4.94,OM,1611619162
1074,"aborlan,ph",9.4352,118.5492,75.2,88,40,4.61,PH,1611619162
1075,"ruwi,om",23.5996,58.5507,62.6,77,1,4.61,OM,1611619162
1076,"hagere hiywet,et",8.9833,37.85,55.65,58,32,5.21,ET,1611619163
1077,"henties bay,na",-22.116,14.2845,69.01,88,94,7.63,NA,1611619101
1078,"chuy,uy",-33.6971,-53.4616,74.01,85,3,10.38,UY,1611619075
1079,"provideniya,ru",64.3833,-173.3,3.2,72,90,20.13,RU,1611618895
1080,"belyy yar,ru",53.6039,91.3903,-29.2,75,88,2.24,RU,1611619163
1081,"vardo,no",70.3705,31.1107,28.4,80,75,10.36,NO,1611619147
1082,"rikitea,pf",-23.1203,-134.9692,79.83,71,1,14.05,PF,1611619076
1083,"hopkinsville,us",36.8656,-87.4886,54.0,100,90,8.05,US,1611619113
1084,"port macquarie,au",-31.4333,152.9167,88.0,52,3,1.99,AU,1611619163
1085,"port alfred,za",-33.5906,26.891,63.0,92,2,3.0,ZA,1611619079
1086,"norman wells,ca",65.282,-126.8329,-11.2,77,75,4.61,CA,1611619131
1087,"lebu,cl",-37.6167,-73.65,57.96,84,0,14.47,CL,1611619095
1088,"saint-nazaire,fr",47.2833,-2.2,30.2,93,51,5.97,FR,1611619164
1089,"avarua,ck",-21.2078,-159.775,86.0,70,40,14.97,CK,1611619085
1090,"kimbe,pg",-5.5502,150.1429,86.16,63,100,3.51,PG,1611619145
1091,"tezu,in",27.9167,96.1667,56.88,40,12,3.67,IN,1611619164
1092,"benghazi,ly",32.1167,20.0667,61.95,75,99,8.28,LY,1611618925
1093,"atuona,pf",-9.8,-139.0333,78.84,76,19,19.01,PF,1611619080
1094,"buala,sb",-8.145,159.5921,86.16,61,92,8.79,SB,1611619164
1095,"hermanus,za",-34.4187,19.2345,62.01,87,0,7.45,ZA,1611619084
1096,"arraial do cabo,br",-22.9661,-42.0278,76.57,84,49,24.7,BR,1611619099
1097,"ribeira grande,pt",38.5167,-28.7,62.06,88,100,20.98,PT,1611619085
1098,"wajid,so",3.8093,43.2471,70.12,55,4,12.44,SO,1611618904
1099,"chokurdakh,ru",70.6333,147.9167,-40.72,78,91,4.83,RU,1611618919
1100,"lavrentiya,ru",65.5833,-171.0,-0.99,86,80,5.1,RU,1611619120
1101,"saint-philippe,re",-21.3585,55.7679,77.0,73,95,8.05,RE,1611619087
1102,"campoverde,pe",-8.4753,-74.8058,77.0,88,75,6.91,PE,1611619165
1103,"atuona,pf",-9.8,-139.0333,78.84,76,19,19.01,PF,1611619080
1104,"cidreira,br",-30.1811,-50.2056,76.41,84,47,9.93,BR,1611619075
1105,"okhotsk,ru",59.3833,143.3,-22.41,76,0,15.23,RU,1611619135
1106,"rikitea,pf",-23.1203,-134.9692,79.83,71,1,14.05,PF,1611619076
1107,"port augusta,au",-32.5,137.7667,73.0,88,90,17.27,AU,1611618907
1108,"albany,au",-35.0169,117.8917,59.0,88,40,8.05,AU,1611619079
1109,"albany,au",-35.0169,117.8917,59.0,88,40,8.05,AU,1611619079
1110,"palana,ru",59.1167,159.9667,-2.47,93,81,5.41,RU,1611619165
1111,"thompson,ca",55.7435,-97.8558,-9.4,77,75,3.44,CA,1611618900
1112,"cururupu,br",-1.8283,-44.8683,75.34,94,100,3.15,BR,1611619165
1113,"puerto del rosario,es",28.5004,-13.8627,64.4,72,90,17.27,ES,1611618966
1114,"pangkalanbuun,id",-2.6833,111.6167,75.96,89,100,1.68,ID,1611619166
1115,"georgetown,sh",-7.9333,-14.4167,75.58,76,43,11.83,SH,1611619076
1116,"tambopata,pe",-12.7333,-69.1833,75.2,91,45,1.57,PE,1611619166
1117,"alta floresta,br",-9.8756,-56.0861,74.08,85,72,0.65,BR,1611619083
1118,"punta arenas,cl",-53.15,-70.9167,46.4,49,20,31.07,CL,1611618984
1119,"christchurch,nz",-43.5333,172.6333,78.01,53,10,9.22,NZ,1611619113
1120,"aberfeldy,gb",56.62,-3.8645,33.01,87,78,1.45,GB,1611619166
1121,"hermanus,za",-34.4187,19.2345,62.01,87,0,7.45,ZA,1611619084
1122,"evanston,us",42.0411,-87.6901,33.01,74,90,18.41,US,1611619052
1123,"bethel,us",41.3712,-73.414,30.2,43,1,3.36,US,1611618908
1124,"cape town,za",-33.9258,18.4232,68.0,82,0,18.41,ZA,1611619021
1125,"aksarka,ru",66.5606,67.7975,-15.11,88,100,8.46,RU,1611619166
1126,"kapaa,us",22.0752,-159.319,75.99,100,90,21.85,US,1611618898
1127,"tomatlan,mx",19.9333,-105.25,78.46,55,24,7.38,MX,1611619167
1128,"cidreira,br",-30.1811,-50.2056,76.41,84,47,9.93,BR,1611619075
1129,"constitucion,cl",-35.3333,-72.4167,60.08,61,0,16.8,CL,1611618918
1130,"chililabombwe,zm",-12.3648,27.8229,62.55,99,100,2.1,ZM,1611619167
1131,"saint-joseph,re",-21.3667,55.6167,77.0,73,92,8.05,RE,1611619104
1132,"ferrol,es",43.4832,-8.2369,55.0,90,100,5.26,ES,1611618917
1133,"gimli,ca",50.6336,-96.9907,-14.8,76,50,3.44,CA,1611619160
1134,"hermanus,za",-34.4187,19.2345,62.01,87,0,7.45,ZA,1611619084
1135,"arraial do cabo,br",-22.9661,-42.0278,76.57,84,49,24.7,BR,1611619099
1136,"kropotkin,ru",45.4375,40.5756,35.01,83,100,3.31,RU,1611619168
1137,"albany,au",-35.0169,117.8917,59.0,88,40,8.05,AU,1611619079
1138,"ambilobe,mg",-13.2,49.05,74.12,91,72,1.03,MG,1611619119
1139,"kapaa,us",22.0752,-159.319,75.99,100,90,21.85,US,1611618898
1140,"nikolskoye,ru",59.7035,30.7861,37.0,93,90,6.71,RU,1611619076
1141,"adolfo lopez mateos,mx",28.4667,-107.3,43.03,50,0,20.8,MX,1611619168
1142,"rikitea,pf",-23.1203,-134.9692,79.83,71,1,14.05,PF,1611619076
1143,"punta arenas,cl",-53.15,-70.9167,46.4,49,20,31.07,CL,1611618984
1144,"rundu,na",-17.9333,19.7667,68.11,84,48,3.65,NA,1611619168
1145,"kapaa,us",22.0752,-159.319,75.99,100,90,21.85,US,1611618898
1146,"yar-sale,ru",66.8333,70.8333,-18.58,87,100,11.56,RU,1611618924
1147,"butaritari,ki",3.0707,172.7902,79.57,77,95,6.51,KI,1611619076
1148,"ushuaia,ar",-54.8,-68.3,50.0,46,40,17.27,AR,1611619076
1149,"brus laguna,hn",15.75,-84.4833,74.93,84,100,4.72,HN,1611619169
1150,"batagay-alyta,ru",67.8006,130.4114,-34.02,82,96,1.66,RU,1611619169
1151,"hobart,au",-42.8794,147.3294,70.0,45,75,16.11,AU,1611619037
1152,"east london,za",-33.0153,27.9116,70.54,76,37,20.0,ZA,1611618859
1153,"xining,cn",36.6167,101.7667,15.33,86,81,1.05,CN,1611619169
1154,"avarua,ck",-21.2078,-159.775,86.0,70,40,14.97,CK,1611619085
1155,"rikitea,pf",-23.1203,-134.9692,79.83,71,1,14.05,PF,1611619076
1156,"castro,cl",-42.4721,-73.7732,60.8,44,0,9.22,CL,1611619077
1157,"saint-philippe,re",-21.3585,55.7679,77.0,73,95,8.05,RE,1611619087
1158,"harper,lr",4.375,-7.7169,77.97,86,0,7.63,LR,1611618920
1159,"whitecourt,ca",54.1502,-115.6855,-0.4,71,90,10.36,CA,1611619169
1160,"muros,es",42.7762,-9.0603,57.0,94,100,1.99,ES,1611619107
1161,"rikitea,pf",-23.1203,-134.9692,79.83,71,1,14.05,PF,1611619076
1162,"barrow,us",71.2906,-156.7887,-5.8,77,1,11.5,US,1611618903
1163,"lakselv,no",70.0513,24.9718,12.2,79,90,1.14,NO,1611619170
1164,"zapolyarnyy,ru",69.4154,30.8136,19.4,93,90,7.38,RU,1611619170
1165,"iqaluit,ca",63.7506,-68.5145,-5.8,84,1,9.8,CA,1611619088
1166,"deputatskiy,ru",69.3,139.9,-41.98,83,71,1.72,RU,1611618896
1167,"baracoa,cu",20.3467,-74.4958,74.89,82,87,10.09,CU,1611619170
1168,"saint george,us",37.1041,-113.5841,37.4,87,90,9.22,US,1611619062
1169,"bowen,au",-20.0167,148.2333,84.2,65,75,12.66,AU,1611619117
1170,"borujerd,ir",33.8973,48.7516,33.94,69,0,1.48,IR,1611619083
1171,"kuteynykove,ua",47.8123,38.2882,34.41,85,100,16.31,UA,1611619170
1172,"luanda,ao",-8.8368,13.2343,78.8,83,40,5.75,AO,1611619058
1173,"qaanaaq,gl",77.484,-69.3632,6.48,63,0,7.25,GL,1611619080
1174,"klaksvik,fo",62.2266,-6.589,28.4,80,20,4.61,FO,1611619133
1175,"ambon,id",-3.6954,128.1814,84.2,70,40,8.05,ID,1611619171
1176,"mezhevoy,ru",55.1711,58.7814,22.1,97,75,6.85,RU,1611619171
1177,"jalu,ly",29.0331,21.5482,52.84,42,70,2.59,LY,1611619171
1178,"urdoma,ru",61.7533,48.5442,33.49,93,100,9.86,RU,1611619171
1179,"vila franca do campo,pt",37.7167,-25.4333,63.0,94,75,13.8,PT,1611619111
1180,"bredasdorp,za",-34.5322,20.0403,60.8,88,2,4.61,ZA,1611619080
1181,"hermanus,za",-34.4187,19.2345,62.01,87,0,7.45,ZA,1611619084
1182,"atar,mr",20.5169,-13.0499,68.95,19,0,9.78,MR,1611619171
1183,"namibe,ao",-15.1961,12.1522,75.4,75,12,5.28,AO,1611619115
1184,"puerto ayora,ec",-0.7393,-90.3518,77.0,93,70,5.01,EC,1611619079
1185,"brae,gb",60.3964,-1.353,33.8,75,76,8.05,GB,1611619120
1186,"selfoss,is",63.9331,-20.9971,26.01,64,100,15.99,IS,1611619172
1187,"butaritari,ki",3.0707,172.7902,79.57,77,95,6.51,KI,1611619076
1188,"deputatskiy,ru",69.3,139.9,-41.98,83,71,1.72,RU,1611618896
1189,"phalodi,in",27.1333,72.3667,49.46,43,0,5.95,IN,1611619172
1190,"biak,id",-0.9131,122.8766,74.28,88,100,4.14,ID,1611619172
1191,"santa lucia,pe",-15.7,-70.6053,51.8,76,90,10.36,PE,1611619172
1192,"provideniya,ru",64.3833,-173.3,3.2,72,90,20.13,RU,1611618895
1193,"punta arenas,cl",-53.15,-70.9167,46.4,49,20,31.07,CL,1611618984
1194,"rikitea,pf",-23.1203,-134.9692,79.83,71,1,14.05,PF,1611619076
1195,"khatanga,ru",71.9667,102.5,-19.19,87,100,8.7,RU,1611619112
1196,"port alfred,za",-33.5906,26.891,63.0,92,2,3.0,ZA,1611619079
1197,"bengkulu,id",-3.8004,102.2655,73.11,93,100,7.02,ID,1611619075
1198,"tiksi,ru",71.6872,128.8694,-40.38,80,96,6.73,RU,1611619076
1199,"butaritari,ki",3.0707,172.7902,79.57,77,95,6.51,KI,1611619076
1200,"punta arenas,cl",-53.15,-70.9167,46.4,49,20,31.07,CL,1611618984
1201,"jamestown,sh",-15.9387,-5.7168,68.86,92,53,15.01,SH,1611619078
1202,"thompson,ca",55.7435,-97.8558,-9.4,77,75,3.44,CA,1611618900
1203,"hobyo,so",5.3505,48.5268,75.45,75,95,18.9,SO,1611619173
1204,"rikitea,pf",-23.1203,-134.9692,79.83,71,1,14.05,PF,1611619076
1205,"atuona,pf",-9.8,-139.0333,78.84,76,19,19.01,PF,1611619080
1206,"lazaro cardenas,mx",17.9583,-102.2,77.74,77,9,9.33,MX,1611619173
1207,"necochea,ar",-38.5473,-58.7368,66.99,72,10,18.32,AR,1611619123
1208,"sao filipe,cv",14.8961,-24.4956,72.73,67,56,3.83,CV,1611619101
1209,"kaitangata,nz",-46.2817,169.8464,77.07,43,100,15.61,NZ,1611619105
1210,"tuktoyaktuk,ca",69.4541,-133.0374,-4.0,84,90,9.22,CA,1611619091
1211,"severo-kurilsk,ru",50.6789,156.125,20.73,93,92,21.23,RU,1611619095
1212,"jamestown,sh",-15.9387,-5.7168,68.86,92,53,15.01,SH,1611619078
1213,"yellowknife,ca",62.456,-114.3525,-20.0,69,75,9.22,CA,1611619087
1214,"bluff,nz",-46.6,168.3333,80.01,46,100,21.99,NZ,1611619075
1215,"tuktoyaktuk,ca",69.4541,-133.0374,-4.0,84,90,9.22,CA,1611619091
1216,"hualmay,pe",-11.0964,-77.6139,72.52,74,93,7.36,PE,1611619174
1217,"sola,vu",-13.8833,167.55,82.98,79,97,21.21,VU,1611619174
1218,"adrar,dz",25.75,-1.0,63.45,27,0,5.46,DZ,1611619148
1219,"dongying,cn",37.4564,118.4856,31.17,96,57,6.87,CN,1611619174
1220,"atuona,pf",-9.8,-139.0333,78.84,76,19,19.01,PF,1611619080
1221,"busselton,au",-33.65,115.3333,64.99,74,32,5.99,AU,1611618894
1222,"miyoshi,jp",35.0833,137.0667,48.99,87,75,9.22,JP,1611619174
1223,"monrovia,lr",6.3005,-10.7969,75.2,100,20,7.11,LR,1611619174
1224,"luderitz,na",-26.6481,15.1594,66.72,72,77,20.45,NA,1611619110
1225,"yellowknife,ca",62.456,-114.3525,-20.0,69,75,9.22,CA,1611619087
1226,"hermanus,za",-34.4187,19.2345,62.01,87,0,7.45,ZA,1611619084
1227,"east london,za",-33.0153,27.9116,70.54,76,37,20.0,ZA,1611618859
1228,"albany,au",-35.0169,117.8917,59.0,88,40,8.05,AU,1611619079
1229,"port macquarie,au",-31.4333,152.9167,88.0,52,3,1.99,AU,1611619163
1230,"rikitea,pf",-23.1203,-134.9692,79.83,71,1,14.05,PF,1611619076
1231,"biltine,td",14.5333,20.9167,71.82,19,40,15.26,TD,1611618922
1232,"albany,au",-35.0169,117.8917,59.0,88,40,8.05,AU,1611619079
1233,"sao jose da coroa grande,br",-8.8978,-35.1478,77.61,81,100,7.85,BR,1611619175
1234,"punta arenas,cl",-53.15,-70.9167,46.4,49,20,31.07,CL,1611618984
1235,"libreville,ga",0.3925,9.4537,82.4,89,40,9.22,GA,1611619175
1236,"hilo,us",19.7297,-155.09,73.4,88,90,4.61,US,1611618939
1237,"dukat,ru",62.55,155.55,-33.99,81,100,6.62,RU,1611619175
1238,"chokurdakh,ru",70.6333,147.9167,-40.72,78,91,4.83,RU,1611618919
1239,"yellowknife,ca",62.456,-114.3525,-20.0,69,75,9.22,CA,1611619087
1240,"atuona,pf",-9.8,-139.0333,78.84,76,19,19.01,PF,1611619080
1241,"salalah,om",17.0151,54.0924,69.8,46,0,5.75,OM,1611619076
1242,"noumea,nc",-22.2763,166.4572,86.0,54,56,4.61,NC,1611618941
1243,"butaritari,ki",3.0707,172.7902,79.57,77,95,6.51,KI,1611619076
1244,"jinchang,cn",38.4953,102.1739,18.54,82,0,0.56,CN,1611619176
1245,"huanren,cn",41.2647,125.3667,31.64,97,100,2.59,CN,1611619176
1246,"mahebourg,mu",-20.4081,57.7,71.6,94,20,6.91,MU,1611619083
1247,"namibe,ao",-15.1961,12.1522,75.4,75,12,5.28,AO,1611619115
1248,"ushuaia,ar",-54.8,-68.3,50.0,46,40,17.27,AR,1611619076
1249,"ixtapa,mx",20.7,-105.2,75.2,69,90,9.22,MX,1611619108
1250,"avarua,ck",-21.2078,-159.775,86.0,70,40,14.97,CK,1611619085
1251,"lompoc,us",34.6391,-120.4579,51.8,58,40,23.02,US,1611619159
1252,"soyo,ao",-6.1349,12.3689,79.0,84,87,5.66,AO,1611619176
1253,"ancud,cl",-41.8697,-73.8203,60.8,44,0,9.22,CL,1611619177
1254,"ribeira grande,pt",38.5167,-28.7,62.06,88,100,20.98,PT,1611619085
1255,"dunedin,nz",-45.8742,170.5036,73.0,60,100,3.0,NZ,1611619177
1256,"geraldton,au",-28.7667,114.6,70.45,69,71,15.17,AU,1611618903
1257,"port hardy,ca",50.6996,-127.4199,39.2,75,75,6.91,CA,1611619077
1258,"ushuaia,ar",-54.8,-68.3,50.0,46,40,17.27,AR,1611619076
1259,"kruisfontein,za",-34.0033,24.7314,64.0,89,0,2.8,ZA,1611619097
1260,"kodiak,us",57.79,-152.4072,39.2,60,75,9.22,US,1611619085
1261,"punta arenas,cl",-53.15,-70.9167,46.4,49,20,31.07,CL,1611618984
1262,"itoman,jp",26.1247,127.6694,68.0,83,20,3.44,JP,1611618915
1263,"tasiilaq,gl",65.6145,-37.6368,8.6,61,20,13.8,GL,1611618897
1264,"guaimaro,cu",21.05,-77.35,75.2,78,75,11.5,CU,1611619177
1265,"bredasdorp,za",-34.5322,20.0403,60.8,88,2,4.61,ZA,1611619080
1266,"ruthin,gb",53.1137,-3.3178,36.0,93,63,1.99,GB,1611619177
1267,"labytnangi,ru",66.6572,66.4183,-18.99,87,100,0.89,RU,1611619178
1268,"constitucion,mx",23.9912,-104.6749,68.0,14,1,17.27,MX,1611619110
1269,"hilo,us",19.7297,-155.09,73.4,88,90,4.61,US,1611618939
1270,"macenta,gn",8.5435,-9.471,67.35,27,1,0.67,GN,1611619178
1271,"georgetown,sh",-7.9333,-14.4167,75.58,76,43,11.83,SH,1611619076
1272,"kapaa,us",22.0752,-159.319,75.99,100,90,21.85,US,1611618898
1273,"thompson,ca",55.7435,-97.8558,-9.4,77,75,3.44,CA,1611618900
1274,"rikitea,pf",-23.1203,-134.9692,79.83,71,1,14.05,PF,1611619076
1275,"hermanus,za",-34.4187,19.2345,62.01,87,0,7.45,ZA,1611619084
1276,"luoyang,cn",34.6836,112.4536,37.99,99,11,3.69,CN,1611619178
1277,"cap-aux-meules,ca",47.3821,-61.8597,32.0,100,100,19.57,CA,1611619178
1278,"provideniya,ru",64.3833,-173.3,3.2,72,90,20.13,RU,1611618895
1279,"saraland,us",30.8207,-88.0706,69.01,95,100,1.99,US,1611619179
1280,"rikitea,pf",-23.1203,-134.9692,79.83,71,1,14.05,PF,1611619076
1281,"ribeira grande,pt",38.5167,-28.7,62.06,88,100,20.98,PT,1611619085
1282,"atuona,pf",-9.8,-139.0333,78.84,76,19,19.01,PF,1611619080
1283,"upernavik,gl",72.7868,-56.1549,4.91,80,0,4.83,GL,1611618894
1284,"rikitea,pf",-23.1203,-134.9692,79.83,71,1,14.05,PF,1611619076
1285,"grants pass,us",42.439,-123.3284,43.0,75,20,3.44,US,1611619179
1286,"pisco,pe",-13.7,-76.2167,73.4,68,40,21.85,PE,1611619095
1287,"talnakh,ru",69.4865,88.3972,-30.35,82,100,9.73,RU,1611619156
1288,"ushuaia,ar",-54.8,-68.3,50.0,46,40,17.27,AR,1611619076
1289,"san vicente,ph",15.2955,120.6465,77.0,88,75,2.3,PH,1611619179
1290,"rikitea,pf",-23.1203,-134.9692,79.83,71,1,14.05,PF,1611619076
1291,"mehamn,no",71.0357,27.8492,28.54,97,100,27.49,NO,1611619120
1292,"saskylakh,ru",71.9167,114.0833,-33.5,82,16,4.38,RU,1611619143
1293,"severo-kurilsk,ru",50.6789,156.125,20.73,93,92,21.23,RU,1611619095
1294,"komsomolskiy,ru",43.9783,46.6985,39.69,92,5,11.36,RU,1611619076
1295,"chernyshkovskiy,ru",48.4219,42.2308,32.7,96,94,15.01,RU,1611619180
1296,"mana,gf",5.6592,-53.7767,76.6,87,19,10.45,GF,1611619180
1297,"rikitea,pf",-23.1203,-134.9692,79.83,71,1,14.05,PF,1611619076
1298,"lompoc,us",34.6391,-120.4579,51.8,58,40,23.02,US,1611619159
1299,"lorengau,pg",-2.0226,147.2712,84.76,63,93,5.28,PG,1611619082
1300,"taoudenni,ml",22.6783,-3.9836,70.23,20,80,9.6,ML,1611619087
1301,"rikitea,pf",-23.1203,-134.9692,79.83,71,1,14.05,PF,1611619076
1302,"roald,no",62.5833,6.1333,33.8,93,90,6.91,NO,1611619181
1303,"faanui,pf",-16.4833,-151.75,81.14,76,46,17.9,PF,1611619077
1304,"ushuaia,ar",-54.8,-68.3,50.0,46,40,17.27,AR,1611619076
1305,"adrar,dz",25.75,-1.0,63.45,27,0,5.46,DZ,1611619148
1306,"castro,cl",-42.4721,-73.7732,60.8,44,0,9.22,CL,1611619077
1307,"kaitangata,nz",-46.2817,169.8464,77.07,43,100,15.61,NZ,1611619105
1308,"puerto ayora,ec",-0.7393,-90.3518,77.0,93,70,5.01,EC,1611619079
1309,"ares,br",-6.1944,-35.1603,78.8,83,20,10.36,BR,1611619181
1310,"kapaa,us",22.0752,-159.319,75.99,100,90,21.85,US,1611618898
1311,"albany,au",-35.0169,117.8917,59.0,88,40,8.05,AU,1611619079
1312,"port alfred,za",-33.5906,26.891,63.0,92,2,3.0,ZA,1611619079
1313,"hilo,us",19.7297,-155.09,73.4,88,90,4.61,US,1611618939
1314,"atuona,pf",-9.8,-139.0333,78.84,76,19,19.01,PF,1611619080
1315,"qasigiannguit,gl",68.8193,-51.1922,5.0,61,0,8.05,GL,1611619182
1316,"busselton,au",-33.65,115.3333,64.99,74,32,5.99,AU,1611618894
1317,"punta arenas,cl",-53.15,-70.9167,46.4,49,20,31.07,CL,1611618984
1318,"francistown,bw",-21.17,27.5079,71.83,77,100,6.98,BW,1611619182
1319,"kirakira,sb",-10.4544,161.9205,86.14,66,68,12.77,SB,1611619182
1320,"ahipara,nz",-35.1667,173.1667,74.1,62,50,7.78,NZ,1611618914
1321,"itarema,br",-2.9248,-39.9167,79.84,81,82,11.48,BR,1611619112
1322,"butaritari,ki",3.0707,172.7902,79.57,77,95,6.51,KI,1611619076
